"office","candidatename","partyname","electiondate","machinevotessum","absenteevotessum","earlyvotessum","totalvotessum","totalvotespercentage","xmlreporttime","electionname"
"Representative in Congress","LISA BLUNT ROCHESTER","Democratic Party","2022-11-08T00:00:00.000","127059","16736","34621","178416","55.4692","2022-11-12T00:25:01.000","2022 General Election"
"Representative in Congress","LEE MURPHY","Republican Party","2022-11-08T00:00:00.000","112482","5706","20013","138201","42.9664","2022-11-12T00:25:01.000","2022 General Election"
"Representative in Congress","CODY MCNUTT","Libertarian Party","2022-11-08T00:00:00.000","2726","129","219","3074","0.9557","2022-11-12T00:25:01.000","2022 General Election"
"Representative in Congress","DAVID ROGERS","Non-Partisan Delaware","2022-11-08T00:00:00.000","1565","168","225","1958","0.608738","2022-11-12T00:25:01.000","2022 General Election"
"Attorney General","KATHY JENNINGS","Democratic Party","2022-11-08T00:00:00.000","122087","16162","33588","171837","53.8326","2022-11-12T00:25:01.000","2022 General Election"
"Attorney General","JULIANNE E. MURRAY","Republican Party","2022-11-08T00:00:00.000","119946","6256","21167","147369","46.1674","2022-11-12T00:25:01.000","2022 General Election"
"Auditor of Accounts","LYDIA YORK","Democratic Party","2022-11-08T00:00:00.000","122043","16237","33484","171764","54.197","2022-11-12T00:25:01.000","2022 General Election"
"Auditor of Accounts","JANICE LORRAH","Republican Party","2022-11-08T00:00:00.000","118077","6116","20968","145161","45.803","2022-11-12T00:25:01.000","2022 General Election"
"State Treasurer","COLLEEN DAVIS","Democratic Party","2022-11-08T00:00:00.000","121002","16123","33313","170438","53.6399","2022-11-12T00:25:01.000","2022 General Election"
"State Treasurer","GREG COVERDALE","Republican Party","2022-11-08T00:00:00.000","119836","6246","21225","147307","46.3601","2022-11-12T00:25:01.000","2022 General Election"
"State Senator District 1","SARAH MCBRIDE","Democratic Party","2022-11-08T00:00:00.000","10132","1073","1999","13204","100","2022-11-12T00:25:01.000","2022 General Election"
"State Senator District 2","DARIUS J. BROWN","Democratic Party","2022-11-08T00:00:00.000","6341","538","810","7689","100","2022-11-12T00:25:01.000","2022 General Election"
"State Senator District 3","S. ELIZABETH LOCKMAN","Democratic Party","2022-11-08T00:00:00.000","4548","430","736","5714","100","2022-11-12T00:25:01.000","2022 General Election"
"State Senator District 4","LAURA STURGEON","Democratic Party","2022-11-08T00:00:00.000","8500","996","1266","10762","56.5796","2022-11-12T00:25:01.000","2022 General Election"
"State Senator District 4","TED KITTILA","Republican Party","2022-11-08T00:00:00.000","7358","375","526","8259","43.4204","2022-11-12T00:25:01.000","2022 General Election"
"State Senator District 5","KYLE EVANS GAY","Democratic Party","2022-11-08T00:00:00.000","7986","833","1652","10471","66.2763","2022-11-12T00:25:01.000","2022 General Election"
"State Senator District 5","DANIEL R. SCHMICK","Republican Party","2022-11-08T00:00:00.000","4645","231","452","5328","33.7237","2022-11-12T00:25:01.000","2022 General Election"
"State Senator District 6","RUSS HUXTABLE","Democratic Party","2022-11-08T00:00:00.000","5965","2022","6144","14131","51.4791","2022-11-12T00:25:01.000","2022 General Election"
"State Senator District 6","STEPHEN SMYK","Republican Party","2022-11-08T00:00:00.000","8081","884","4083","13048","47.5337","2022-11-12T00:25:01.000","2022 General Election"
"State Senator District 6","GWENDOLYN ""WENDY"" JONES","Non-Partisan Delaware","2022-11-08T00:00:00.000","158","40","73","271","0.98725","2022-11-12T00:25:01.000","2022 General Election"
"State Senator District 7","SPIROS MANTZAVINOS","Democratic Party","2022-11-08T00:00:00.000","6268","664","731","7663","58.6888","2022-11-12T00:25:01.000","2022 General Election"
"State Senator District 7","M. SHERM PORTER","Republican Party","2022-11-08T00:00:00.000","4893","204","297","5394","41.3112","2022-11-12T00:25:01.000","2022 General Election"
"State Senator District 8","DAVID P. SOKOLA","Democratic Party","2022-11-08T00:00:00.000","6258","803","1401","8462","62.8678","2022-11-12T00:25:01.000","2022 General Election"
"State Senator District 8","VICTOR JOHN SETTING II","Republican Party","2022-11-08T00:00:00.000","4405","188","405","4998","37.1322","2022-11-12T00:25:01.000","2022 General Election"
"State Senator District 9","JACK WALSH","Democratic Party","2022-11-08T00:00:00.000","5627","633","912","7172","61.4989","2022-11-12T00:25:01.000","2022 General Election"
"State Senator District 9","BRENDA MENNELLA","Republican Party","2022-11-08T00:00:00.000","4010","157","323","4490","38.5011","2022-11-12T00:25:01.000","2022 General Election"
"State Senator District 10","STEPHANIE L. HANSEN","Democratic Party","2022-11-08T00:00:00.000","8971","722","1107","10800","100","2022-11-12T00:25:01.000","2022 General Election"
"State Senator District 11","BRYAN TOWNSEND","Democratic Party","2022-11-08T00:00:00.000","7106","645","1092","8843","100","2022-11-12T00:25:01.000","2022 General Election"
"State Senator District 12","NICOLE POORE","Democratic Party","2022-11-08T00:00:00.000","7984","657","1585","10226","62.149","2022-11-12T00:25:01.000","2022 General Election"
"State Senator District 12","BILL ALEXANDER","Republican Party","2022-11-08T00:00:00.000","5390","182","656","6228","37.851","2022-11-12T00:25:01.000","2022 General Election"
"State Senator District 13","MARIE PINKNEY","Democratic Party","2022-11-08T00:00:00.000","6871","555","1185","8611","100","2022-11-12T00:25:01.000","2022 General Election"
"State Senator District 14","KYRA HOFFNER","Democratic Party","2022-11-08T00:00:00.000","6449","659","1296","8404","51.8286","2022-11-12T00:25:01.000","2022 General Election"
"State Senator District 14","MARK PUGH","Republican Party","2022-11-08T00:00:00.000","6893","268","650","7811","48.1714","2022-11-12T00:25:01.000","2022 General Election"
"State Senator District 15","DAVE LAWSON","Republican Party","2022-11-08T00:00:00.000","10174","420","1220","11814","100","2022-11-12T00:25:01.000","2022 General Election"
"State Senator District 16","ERIC BUCKSON","Republican Party","2022-11-08T00:00:00.000","7694","554","1329","9577","100","2022-11-12T00:25:01.000","2022 General Election"
"State Senator District 17","TREY PARADEE","Democratic Party","2022-11-08T00:00:00.000","5132","831","1588","7551","64.4009","2022-11-12T00:25:01.000","2022 General Election"
"State Senator District 17","ED RUYTER","Republican Party","2022-11-08T00:00:00.000","3354","225","595","4174","35.5991","2022-11-12T00:25:01.000","2022 General Election"
"State Senator District 18","BILLY DEVARY","Democratic Party","2022-11-08T00:00:00.000","3318","459","888","4665","30.0348","2022-11-12T00:25:01.000","2022 General Election"
"State Senator District 18","DAVE WILSON","Republican Party","2022-11-08T00:00:00.000","9305","428","1134","10867","69.9652","2022-11-12T00:25:01.000","2022 General Election"
"State Senator District 19","BRIAN G. PETTYJOHN","Republican Party","2022-11-08T00:00:00.000","9571","772","2799","13142","100","2022-11-12T00:25:01.000","2022 General Election"
"State Senator District 20","GERALD W. HOCKER","Republican Party","2022-11-08T00:00:00.000","11041","1243","4866","17150","100","2022-11-12T00:25:01.000","2022 General Election"
"State Senator District 21","BRYANT L. RICHARDSON","Republican Party","2022-11-08T00:00:00.000","7719","424","1870","10013","86.7678","2022-11-12T00:25:01.000","2022 General Election"
"State Senator District 21","CHRIS DALTON","Libertarian Party","2022-11-08T00:00:00.000","409","44","88","541","4.68804","2022-11-12T00:25:01.000","2022 General Election"
"State Senator District 21","SONJA MEHAFFEY","Non-Partisan Delaware","2022-11-08T00:00:00.000","561","186","239","986","8.54419","2022-11-12T00:25:01.000","2022 General Election"
"State Representative District 1","NNAMDI O. CHUKWUOCHA","Democratic Party","2022-11-08T00:00:00.000","4345","432","737","5514","88.0831","2022-11-12T00:25:01.000","2022 General Election"
"State Representative District 1","MARK PRESCOTT GARDNER","Republican Party","2022-11-08T00:00:00.000","629","37","80","746","11.9169","2022-11-12T00:25:01.000","2022 General Election"
"State Representative District 2","STEPHANIE T. BOLDEN","Democratic Party","2022-11-08T00:00:00.000","2504","223","428","3155","100","2022-11-12T00:25:01.000","2022 General Election"
"State Representative District 3","SHERRY DORSEY WALKER","Democratic Party","2022-11-08T00:00:00.000","2595","221","410","3226","100","2022-11-12T00:25:01.000","2022 General Election"
"State Representative District 4","KEEGAN WORLEY","Democratic Party","2022-11-08T00:00:00.000","2428","656","1527","4611","39.6645","2022-11-12T00:25:01.000","2022 General Election"
"State Representative District 4","JEFF HILOVSKY","Republican Party","2022-11-08T00:00:00.000","4991","346","1327","6664","57.3247","2022-11-12T00:25:01.000","2022 General Election"
"State Representative District 4","AMY S. FRESH","Independent Party Of Delaware","2022-11-08T00:00:00.000","264","27","59","350","3.01075","2022-11-12T00:25:01.000","2022 General Election"
"State Representative District 5","KENDRA JOHNSON","Democratic Party","2022-11-08T00:00:00.000","3349","274","600","4223","79.6342","2022-11-12T00:25:01.000","2022 General Election"
"State Representative District 5","ALEXANDER M. HOMICH","Republican Party","2022-11-08T00:00:00.000","849","39","120","1008","19.0081","2022-11-12T00:25:01.000","2022 General Election"
"State Representative District 5","MARK PARKS","Non-Partisan Delaware","2022-11-08T00:00:00.000","61","4","7","72","1.35772","2022-11-12T00:25:01.000","2022 General Election"
"State Representative District 6","DEBRA J. HEFFERNAN","Democratic Party","2022-11-08T00:00:00.000","4893","509","950","6352","67.8632","2022-11-12T00:25:01.000","2022 General Election"
"State Representative District 6","MICHAEL KRAWCZUK","Republican Party","2022-11-08T00:00:00.000","2664","113","231","3008","32.1368","2022-11-12T00:25:01.000","2022 General Election"
"State Representative District 7","LARRY LAMBERT","Democratic Party","2022-11-08T00:00:00.000","3550","309","798","4657","71.2842","2022-11-12T00:25:01.000","2022 General Election"
"State Representative District 7","SHANE S. STONEMAN","Republican Party","2022-11-08T00:00:00.000","1624","64","188","1876","28.7158","2022-11-12T00:25:01.000","2022 General Election"
"State Representative District 8","SHERAE'A ""RAE"" MOORE","Democratic Party","2022-11-08T00:00:00.000","3925","336","499","4760","58.07","2022-11-12T00:25:01.000","2022 General Election"
"State Representative District 8","DAVID W. THOMAS","Republican Party","2022-11-08T00:00:00.000","3096","145","196","3437","41.93","2022-11-12T00:25:01.000","2022 General Election"
"State Representative District 9","TERRELL A. WILLIAMS","Democratic Party","2022-11-08T00:00:00.000","3534","303","673","4510","44.0903","2022-11-12T00:25:01.000","2022 General Election"
"State Representative District 9","KEVIN HENSLEY","Republican Party","2022-11-08T00:00:00.000","4835","236","648","5719","55.9097","2022-11-12T00:25:01.000","2022 General Election"
"State Representative District 10","SEAN MATTHEWS","Democratic Party","2022-11-08T00:00:00.000","4454","521","892","5867","65.2905","2022-11-12T00:25:01.000","2022 General Election"
"State Representative District 10","BRENT BURDGE","Republican Party","2022-11-08T00:00:00.000","2709","141","269","3119","34.7095","2022-11-12T00:25:01.000","2022 General Election"
"State Representative District 11","JEFFREY N. SPIEGELMAN","Republican Party","2022-11-08T00:00:00.000","5294","236","328","5858","100","2022-11-12T00:25:01.000","2022 General Election"
"State Representative District 12","KRISTA GRIFFITH","Democratic Party","2022-11-08T00:00:00.000","5792","692","1075","7559","62.9602","2022-11-12T00:25:01.000","2022 General Election"
"State Representative District 12","BEN GREGG","Republican Party","2022-11-08T00:00:00.000","3887","254","306","4447","37.0398","2022-11-12T00:25:01.000","2022 General Election"
"State Representative District 13","DESHANNA U. NEAL","Democratic Party","2022-11-08T00:00:00.000","2834","257","298","3389","60.6913","2022-11-12T00:25:01.000","2022 General Election"
"State Representative District 13","CARLUCCI COELHO","Republican Party","2022-11-08T00:00:00.000","2000","67","128","2195","39.3087","2022-11-12T00:25:01.000","2022 General Election"
"State Representative District 14","PETE SCHWARTZKOPF","Democratic Party","2022-11-08T00:00:00.000","4006","1197","3252","8455","65.0485","2022-11-12T00:25:01.000","2022 General Election"
"State Representative District 14","CARL PHELPS","Republican Party","2022-11-08T00:00:00.000","2910","308","1325","4543","34.9515","2022-11-12T00:25:01.000","2022 General Election"
"State Representative District 15","VALERIE LONGHURST","Democratic Party","2022-11-08T00:00:00.000","3910","347","829","5086","68.8507","2022-11-12T00:25:01.000","2022 General Election"
"State Representative District 15","MICHAEL HIGGIN","Republican Party","2022-11-08T00:00:00.000","1986","66","249","2301","31.1493","2022-11-12T00:25:01.000","2022 General Election"
"State Representative District 16","FRANKLIN D. COOKE JR.","Democratic Party","2022-11-08T00:00:00.000","3532","331","481","4344","100","2022-11-12T00:25:01.000","2022 General Election"
"State Representative District 17","MELISSA MINOR-BROWN","Democratic Party","2022-11-08T00:00:00.000","3549","274","540","4363","100","2022-11-12T00:25:01.000","2022 General Election"
"State Representative District 18","SOPHIE PHILLIPS","Democratic Party","2022-11-08T00:00:00.000","3236","284","540","4060","71.4915","2022-11-12T00:25:01.000","2022 General Election"
"State Representative District 18","GLORIA HOPE PAYNE","Republican Party","2022-11-08T00:00:00.000","1446","56","117","1619","28.5085","2022-11-12T00:25:01.000","2022 General Election"
"State Representative District 19","KIMBERLY WILLIAMS","Democratic Party","2022-11-08T00:00:00.000","3865","423","381","4669","100","2022-11-12T00:25:01.000","2022 General Election"
"State Representative District 20","STELL PARKER SELBY","Democratic Party","2022-11-08T00:00:00.000","2687","931","3017","6635","51.4381","2022-11-12T00:25:01.000","2022 General Election"
"State Representative District 20","DALLAS A. WINGATE","Republican Party","2022-11-08T00:00:00.000","3660","394","2210","6264","48.5619","2022-11-12T00:25:01.000","2022 General Election"
"State Representative District 21","FRANK BURNS","Democratic Party","2022-11-08T00:00:00.000","3421","329","596","4346","49.7995","2022-11-12T00:25:01.000","2022 General Election"
"State Representative District 21","MICHAEL RAMONE","Republican Party","2022-11-08T00:00:00.000","3846","215","320","4381","50.2005","2022-11-12T00:25:01.000","2022 General Election"
"State Representative District 22","MICHAEL F. SMITH","Republican Party","2022-11-08T00:00:00.000","6490","482","510","7482","100","2022-11-12T00:25:01.000","2022 General Election"
"State Representative District 23","PAUL BAUMBACH","Democratic Party","2022-11-08T00:00:00.000","3523","449","851","4823","61.5257","2022-11-12T00:25:01.000","2022 General Election"
"State Representative District 23","BRITTANY RAMONE GOMEZ","Republican Party","2022-11-08T00:00:00.000","2669","107","240","3016","38.4743","2022-11-12T00:25:01.000","2022 General Election"
"State Representative District 24","EDWARD OSIENSKI","Democratic Party","2022-11-08T00:00:00.000","2847","304","493","3644","66.3994","2022-11-12T00:25:01.000","2022 General Election"
"State Representative District 24","JOAN E. GODWIN","Republican Party","2022-11-08T00:00:00.000","1653","74","117","1844","33.6006","2022-11-12T00:25:01.000","2022 General Election"
"State Representative District 25","CYNDIE ROMER","Democratic Party","2022-11-08T00:00:00.000","2981","329","589","3899","64.5423","2022-11-12T00:25:01.000","2022 General Election"
"State Representative District 25","LYNN MEY","Republican Party","2022-11-08T00:00:00.000","1891","88","163","2142","35.4577","2022-11-12T00:25:01.000","2022 General Election"
"State Representative District 26","MADINAH WILSON-ANTON","Democratic Party","2022-11-08T00:00:00.000","2909","262","439","3610","70.4803","2022-11-12T00:25:01.000","2022 General Election"
"State Representative District 26","TIMOTHY S. CONRAD","Republican Party","2022-11-08T00:00:00.000","1358","52","102","1512","29.5197","2022-11-12T00:25:01.000","2022 General Election"
"State Representative District 27","ERIC MORRISON","Democratic Party","2022-11-08T00:00:00.000","3958","325","552","4835","53.3547","2022-11-12T00:25:01.000","2022 General Election"
"State Representative District 27","JOHN MARINO","Republican Party","2022-11-08T00:00:00.000","3781","138","308","4227","46.6453","2022-11-12T00:25:01.000","2022 General Election"
"State Representative District 28","BILL CARSON","Democratic Party","2022-11-08T00:00:00.000","3432","400","722","4554","100","2022-11-12T00:25:01.000","2022 General Election"
"State Representative District 29","WILLIAM BUSH","Democratic Party","2022-11-08T00:00:00.000","3453","493","1236","5182","58.5404","2022-11-12T00:25:01.000","2022 General Election"
"State Representative District 29","MARC WIENNER","Republican Party","2022-11-08T00:00:00.000","3033","127","510","3670","41.4596","2022-11-12T00:25:01.000","2022 General Election"
"State Representative District 30","WM SHANMORRIS","Republican Party","2022-11-08T00:00:00.000","5243","159","594","5996","90.1519","2022-11-12T00:25:01.000","2022 General Election"
"State Representative District 30","JUSTIN BRANT","Libertarian Party","2022-11-08T00:00:00.000","512","74","69","655","9.84814","2022-11-12T00:25:01.000","2022 General Election"
"State Representative District 31","SEAN M. LYNN","Democratic Party","2022-11-08T00:00:00.000","2408","447","834","3689","65.5123","2022-11-12T00:25:01.000","2022 General Election"
"State Representative District 31","JASON STEWART","Republican Party","2022-11-08T00:00:00.000","1511","132","299","1942","34.4877","2022-11-12T00:25:01.000","2022 General Election"
"State Representative District 32","KERRI EVELYN HARRIS","Democratic Party","2022-11-08T00:00:00.000","1945","280","466","2691","57.9707","2022-11-12T00:25:01.000","2022 General Election"
"State Representative District 32","CHERYL PRECOURT","Republican Party","2022-11-08T00:00:00.000","1626","77","248","1951","42.0293","2022-11-12T00:25:01.000","2022 General Election"
"State Representative District 33","CHARLES S. POSTLES JR.","Republican Party","2022-11-08T00:00:00.000","4486","249","968","5703","100","2022-11-12T00:25:01.000","2022 General Election"
"State Representative District 34","ADEWUNMI ""ADE"" KUFORIJI","Democratic Party","2022-11-08T00:00:00.000","2205","330","670","3205","38.7733","2022-11-12T00:25:01.000","2022 General Election"
"State Representative District 34","LYNDON D. YEARICK","Republican Party","2022-11-08T00:00:00.000","4104","262","584","4950","59.8839","2022-11-12T00:25:01.000","2022 General Election"
"State Representative District 34","WILLIAM MCVAY","Non-Partisan Delaware","2022-11-08T00:00:00.000","87","12","12","111","1.34285","2022-11-12T00:25:01.000","2022 General Election"
"State Representative District 35","JESSE R. VANDERWENDE","Republican Party","2022-11-08T00:00:00.000","4763","284","691","5738","100","2022-11-12T00:25:01.000","2022 General Election"
"State Representative District 36","BRYAN W. SHUPE","Republican Party","2022-11-08T00:00:00.000","5016","287","589","5892","100","2022-11-12T00:25:01.000","2022 General Election"
"State Representative District 37","RUTH BRIGGS KING","Republican Party","2022-11-08T00:00:00.000","3906","310","1288","5504","100","2022-11-12T00:25:01.000","2022 General Election"
"State Representative District 38","RONALD E. GRAY","Republican Party","2022-11-08T00:00:00.000","5875","875","3826","10576","100","2022-11-12T00:25:01.000","2022 General Election"
"State Representative District 39","SUSAN CLIFFORD","Democratic Party","2022-11-08T00:00:00.000","1161","204","453","1818","29.5082","2022-11-12T00:25:01.000","2022 General Election"
"State Representative District 39","DANIEL B. SHORT","Republican Party","2022-11-08T00:00:00.000","3240","217","886","4343","70.4918","2022-11-12T00:25:01.000","2022 General Election"
"State Representative District 40","TIMOTHY D. DUKES","Republican Party","2022-11-08T00:00:00.000","4135","234","1137","5506","100","2022-11-12T00:25:01.000","2022 General Election"
"State Representative District 41","RICH COLLINS","Republican Party","2022-11-08T00:00:00.000","5365","276","988","6629","86.1245","2022-11-12T00:25:01.000","2022 General Election"
"State Representative District 41","JOSEPH D. DIPASQUALE","Non-Partisan Delaware","2022-11-08T00:00:00.000","669","198","201","1068","13.8755","2022-11-12T00:25:01.000","2022 General Election"
"NCC Recorder of Deeds","MICHAEL E. KOZIKOWSKI SR.","Democratic Party","2022-11-08T00:00:00.000","96278","9278","15287","120843","100","2022-11-12T00:25:01.000","2022 General Election"
"NCC Register of Wills","CIRO POPPITI III","Democratic Party","2022-11-08T00:00:00.000","97112","9315","15385","121812","100","2022-11-12T00:25:01.000","2022 General Election"
"NCC Sheriff","SCOTT PHILLIPS","Democratic Party","2022-11-08T00:00:00.000","90331","8595","14815","113741","85.1164","2022-11-12T00:25:01.000","2022 General Election"
"NCC Sheriff","JOHN MACHUREK","Non-Partisan Delaware","2022-11-08T00:00:00.000","16921","1591","1377","19889","14.8836","2022-11-12T00:25:01.000","2022 General Election"
"NCC County Council District 1","BRANDON TOOLE","Democratic Party","2022-11-08T00:00:00.000","6724","587","754","8065","100","2022-11-12T00:25:01.000","2022 General Election"
"NCC County Council District 2","DEE DURHAM","Democratic Party","2022-11-08T00:00:00.000","9051","1093","1768","11912","61.0872","2022-11-12T00:25:01.000","2022 General Election"
"NCC County Council District 2","JAMIE COLLINS","Republican Party","2022-11-08T00:00:00.000","6682","377","529","7588","38.9128","2022-11-12T00:25:01.000","2022 General Election"
"NCC County Council District 3","JANET KILPATRICK","Republican Party","2022-11-08T00:00:00.000","10693","885","944","12522","100","2022-11-12T00:25:01.000","2022 General Election"
"NCC County Council District 4","PENROSE HOLLINS","Democratic Party","2022-11-08T00:00:00.000","8059","779","1419","10257","100","2022-11-12T00:25:01.000","2022 General Election"
"NCC County Council District 5","VALERIE GEORGE","Democratic Party","2022-11-08T00:00:00.000","6876","718","1294","8888","100","2022-11-12T00:25:01.000","2022 General Election"
"NCC County Council District 6","DAVID CARTER","Democratic Party","2022-11-08T00:00:00.000","8604","682","988","10274","100","2022-11-12T00:25:01.000","2022 General Election"
"KC Recorder of Deeds","D.J. COX","Democratic Party","2022-11-08T00:00:00.000","17631","2485","5137","25253","47.3035","2022-11-12T00:25:01.000","2022 General Election"
"KC Recorder of Deeds","EUGENIA THORNTON","Republican Party","2022-11-08T00:00:00.000","23602","1100","3430","28132","52.6964","2022-11-12T00:25:01.000","2022 General Election"
"KC Sheriff","BRIAN E. LEWIS","Democratic Party","2022-11-08T00:00:00.000","16509","2441","5046","23996","44.7236","2022-11-12T00:25:01.000","2022 General Election"
"KC Sheriff","NORMAN R. BARLOW","Republican Party","2022-11-08T00:00:00.000","24114","1033","3449","28596","53.297","2022-11-12T00:25:01.000","2022 General Election"
"KC Sheriff","AARIKA NELSON","Non-Partisan Delaware","2022-11-08T00:00:00.000","843","111","108","1062","1.97935","2022-11-12T00:25:01.000","2022 General Election"
"KC Levy Court At-Large","TERRY L. PEPPER","Democratic Party","2022-11-08T00:00:00.000","19178","2633","5598","27409","51.1095","2022-11-12T00:25:01.000","2022 General Election"
"KC Levy Court At-Large","JASON BONNER","Republican Party","2022-11-08T00:00:00.000","22271","942","3006","26219","48.8905","2022-11-12T00:25:01.000","2022 General Election"
"KC Levy Court District 2","JEFFREY HALL","Democratic Party","2022-11-08T00:00:00.000","3137","499","1023","4659","56.8379","2022-11-12T00:25:01.000","2022 General Election"
"KC Levy Court District 2","ANTHONY EGIPCIACO JR.","Republican Party","2022-11-08T00:00:00.000","2917","157","464","3538","43.1621","2022-11-12T00:25:01.000","2022 General Election"
"KC Levy Court District 4","DENNIS NORWOOD","Democratic Party","2022-11-08T00:00:00.000","2312","371","884","3567","36.1948","2022-11-12T00:25:01.000","2022 General Election"
"KC Levy Court District 4","ROBERT SCOTT","Republican Party","2022-11-08T00:00:00.000","5076","197","1015","6288","63.8052","2022-11-12T00:25:01.000","2022 General Election"
"KC Levy Court District 6","PAUL HERTZ","Republican Party","2022-11-08T00:00:00.000","6885","258","755","7898","100","2022-11-12T00:25:01.000","2022 General Election"
"SC Recorder of Deeds","ALEXANDRA REED BAKER","Republican Party","2022-11-08T00:00:00.000","46402","4532","15598","66532","100","2022-11-12T00:25:01.000","2022 General Election"
"SC Register of Wills","GREG FULLER","Republican Party","2022-11-08T00:00:00.000","46561","4588","15737","66886","100","2022-11-12T00:25:01.000","2022 General Election"
"SC Sheriff","ROBERT T. LEE","Republican Party","2022-11-08T00:00:00.000","43685","3445","14520","61650","82.7084","2022-11-12T00:25:01.000","2022 General Election"
"SC Sheriff","JAMES BRITTINGHAM","Non-Partisan Delaware","2022-11-08T00:00:00.000","6229","3108","3552","12889","17.2916","2022-11-12T00:25:01.000","2022 General Election"
"SC County Council District 4","NATHAN MITCHELL","Democratic Party","2022-11-08T00:00:00.000","4291","1199","3184","8674","36.3476","2022-11-12T00:25:01.000","2022 General Election"
"SC County Council District 4","DOUGLAS B. HUDSON","Republican Party","2022-11-08T00:00:00.000","9935","846","4409","15190","63.6524","2022-11-12T00:25:01.000","2022 General Election"
"SC County Council District 5","BILLY EDWARDS","Democratic Party","2022-11-08T00:00:00.000","3375","747","2003","6125","36.5541","2022-11-12T00:25:01.000","2022 General Election"
"SC County Council District 5","JOHN L. RIELEY","Republican Party","2022-11-08T00:00:00.000","7921","450","2260","10631","63.4459","2022-11-12T00:25:01.000","2022 General Election"
