elec_date,entity_description,race_number,race_description,race_party,tot_race_prec,race_prec_reporting,cand_number,cand_name,cand_party,cand_absmail_votes,cand_early_votes,cand_elecday_votes,cand_tot_votes,race_county_owner
11/5/2024,"FEDERAL, STATE AND COUNTY",10001,"ELECTORS FOR PRESIDENT AND VICE PRESIDENT",,1984,1984,1,"CHASE OLIVER | MIKE TER MAAT",LIB,672,973,7553,9198,,
11/5/2024,"FEDERAL, STATE AND COUNTY",10001,"ELECTORS FOR PRESIDENT AND VICE PRESIDENT",,1984,1984,2,"DONALD J. TRUMP | JD VANCE",REP,49427,198431,788355,1036213,,
11/5/2024,"FEDERAL, STATE AND COUNTY",10001,"ELECTORS FOR PRESIDENT AND VICE PRESIDENT",,1984,1984,3,"KAMALA D. HARRIS | TIM WALZ",DEM,51759,91751,356089,499599,,
11/5/2024,"FEDERAL, STATE AND COUNTY",10001,"ELECTORS FOR PRESIDENT AND VICE PRESIDENT",,1984,1984,4,"ROBERT F. KENNEDY JR. | NICOLE SHANAHAN",IND,792,1532,13696,16020,,
11/5/2024,"FEDERAL, STATE AND COUNTY",10001,"ELECTORS FOR PRESIDENT AND VICE PRESIDENT",,1984,1984,5,"CHRIS GARRITY | CODY BALLARD",IND,434,519,4190,5143,,
11/5/2024,"FEDERAL, STATE AND COUNTY",10002,"FOR CORPORATION COMMISSIONER",,1984,1984,1,"CHAD WILLIAMS",LIB,6344,16114,91799,114257,,
11/5/2024,"FEDERAL, STATE AND COUNTY",10002,"FOR CORPORATION COMMISSIONER",,1984,1984,2,"J. BRIAN BINGMAN",REP,50559,189544,739699,979802,,
11/5/2024,"FEDERAL, STATE AND COUNTY",10002,"FOR CORPORATION COMMISSIONER",,1984,1984,3,"HAROLD D SPRADLING",DEM,43736,83225,317775,444736,,
11/5/2024,"FEDERAL, STATE AND COUNTY",10003,"FOR UNITED STATES REPRESENTATIVE DISTRICT 01",,296,296,1,"KEVIN HERN",REP,9576,24945,154311,188832,,
11/5/2024,"FEDERAL, STATE AND COUNTY",10003,"FOR UNITED STATES REPRESENTATIVE DISTRICT 01",,296,296,2,"DENNIS BAKER",DEM,10556,14803,82544,107903,,
11/5/2024,"FEDERAL, STATE AND COUNTY",10003,"FOR UNITED STATES REPRESENTATIVE DISTRICT 01",,296,296,3,"MARK DAVID GARCIA SANDERS",IND,683,1479,13604,15766,,
11/5/2024,"FEDERAL, STATE AND COUNTY",10004,"FOR UNITED STATES REPRESENTATIVE DISTRICT 02",,545,545,1,"JOSH BRECHEEN",REP,6399,52667,179057,238123,,
11/5/2024,"FEDERAL, STATE AND COUNTY",10004,"FOR UNITED STATES REPRESENTATIVE DISTRICT 02",,545,545,2,"BRANDON WADE",DEM,4123,15926,48792,68841,,
11/5/2024,"FEDERAL, STATE AND COUNTY",10004,"FOR UNITED STATES REPRESENTATIVE DISTRICT 02",,545,545,3,"RONNIE HOPKINS",IND,304,2097,11660,14061,,
11/5/2024,"FEDERAL, STATE AND COUNTY",10006,"FOR UNITED STATES REPRESENTATIVE DISTRICT 04",,361,361,1,"TOM COLE",REP,10390,45081,144491,199962,,
11/5/2024,"FEDERAL, STATE AND COUNTY",10006,"FOR UNITED STATES REPRESENTATIVE DISTRICT 04",,361,361,2,"MARY BRANNON",DEM,8737,21186,56718,86641,,
11/5/2024,"FEDERAL, STATE AND COUNTY",10006,"FOR UNITED STATES REPRESENTATIVE DISTRICT 04",,361,361,3,"JAMES STACY",IND,971,3579,15320,19870,,
11/5/2024,"FEDERAL, STATE AND COUNTY",10007,"FOR UNITED STATES REPRESENTATIVE DISTRICT 05",,320,320,1,"STEPHANIE BICE",REP,18712,33665,155259,207636,,
11/5/2024,"FEDERAL, STATE AND COUNTY",10007,"FOR UNITED STATES REPRESENTATIVE DISTRICT 05",,320,320,2,"MADISON HORN",DEM,18531,19408,96532,134471,,
11/5/2024,"FEDERAL, STATE AND COUNTY",10009,"FOR STATE SENATOR DISTRICT 3",,42,42,1,"JULIE McINTOSH",REP,813,6714,21285,28812,,
11/5/2024,"FEDERAL, STATE AND COUNTY",10009,"FOR STATE SENATOR DISTRICT 3",,42,42,2,"MARGARET COOK",IND,446,1854,5485,7785,,
11/5/2024,"FEDERAL, STATE AND COUNTY",10011,"FOR STATE SENATOR DISTRICT 7",,71,71,1,"WARREN D HAMILTON",REP,578,5640,19255,25473,,
11/5/2024,"FEDERAL, STATE AND COUNTY",10011,"FOR STATE SENATOR DISTRICT 7",,71,71,2,"JERRY L. DONATHAN",DEM,342,1636,5678,7656,,
11/5/2024,"FEDERAL, STATE AND COUNTY",10015,"FOR STATE SENATOR DISTRICT 15",,35,35,1,"LISA STANDRIDGE",REP,1590,6479,16737,24806,,
11/5/2024,"FEDERAL, STATE AND COUNTY",10015,"FOR STATE SENATOR DISTRICT 15",,35,35,2,"ELIZABETH FOREMAN",DEM,1985,4588,8805,15378,,
11/5/2024,"FEDERAL, STATE AND COUNTY",10018,"FOR STATE SENATOR DISTRICT 21",,28,28,1,"RANDY GRELLNER",REP,592,4216,13664,18472,,
11/5/2024,"FEDERAL, STATE AND COUNTY",10018,"FOR STATE SENATOR DISTRICT 21",,28,28,2,"ROBIN FUXA",DEM,693,2816,6624,10133,,
11/5/2024,"FEDERAL, STATE AND COUNTY",10020,"FOR STATE SENATOR DISTRICT 25",,36,36,1,"BRIAN GUTHRIE",REP,1484,2348,21955,25787,,
11/5/2024,"FEDERAL, STATE AND COUNTY",10020,"FOR STATE SENATOR DISTRICT 25",,36,36,2,"KAREN ANN GADDIS",DEM,1342,1300,9963,12605,,
11/5/2024,"FEDERAL, STATE AND COUNTY",10024,"FOR STATE SENATOR DISTRICT 33",,31,31,1,"CHRISTI GILLESPIE",REP,1277,2184,19644,23105,,
11/5/2024,"FEDERAL, STATE AND COUNTY",10024,"FOR STATE SENATOR DISTRICT 33",,31,31,2,"BOB WILLIS",DEM,1164,1212,8878,11254,,
11/5/2024,"FEDERAL, STATE AND COUNTY",10025,"FOR STATE SENATOR DISTRICT 35",,38,38,1,"DEAN MARTIN",REP,961,1821,12992,15774,,
11/5/2024,"FEDERAL, STATE AND COUNTY",10025,"FOR STATE SENATOR DISTRICT 35",,38,38,2,"JO ANNA DOSSETT",DEM,2284,2830,17752,22866,,
11/5/2024,"FEDERAL, STATE AND COUNTY",10026,"FOR STATE SENATOR DISTRICT 37",,28,28,1,"AARON REINHARDT",REP,950,1533,16604,19087,,
11/5/2024,"FEDERAL, STATE AND COUNTY",10026,"FOR STATE SENATOR DISTRICT 37",,28,28,2,"ANDREW NUTTER",IND,675,862,6795,8332,,
11/5/2024,"FEDERAL, STATE AND COUNTY",10027,"FOR STATE SENATOR DISTRICT 39",,31,31,1,"DAVE RADER",REP,1529,2096,16701,20326,,
11/5/2024,"FEDERAL, STATE AND COUNTY",10027,"FOR STATE SENATOR DISTRICT 39",,31,31,2,"MELISSA BRYCE",DEM,1678,1740,12356,15774,,
11/5/2024,"FEDERAL, STATE AND COUNTY",10029,"FOR STATE SENATOR DISTRICT 43",,46,46,1,"KENDAL SACCHIERI",REP,1198,4838,24013,30049,,
11/5/2024,"FEDERAL, STATE AND COUNTY",10029,"FOR STATE SENATOR DISTRICT 43",,46,46,2,"SAM GRAEFE",DEM,614,1171,5497,7282,,
11/5/2024,"FEDERAL, STATE AND COUNTY",10031,"FOR STATE SENATOR DISTRICT 47",,28,28,1,"KELLY E. HINES",REP,2914,2834,15204,20952,,
11/5/2024,"FEDERAL, STATE AND COUNTY",10031,"FOR STATE SENATOR DISTRICT 47",,28,28,2,"ERIN BREWER",DEM,3255,2342,13024,18621,,
11/5/2024,"FEDERAL, STATE AND COUNTY",10032,"FOR STATE SENATOR DISTRICT 46 (UNEXPIRED TERM)",,28,28,1,"CHARLES BARTON",REP,527,594,6107,7228,,
11/5/2024,"FEDERAL, STATE AND COUNTY",10032,"FOR STATE SENATOR DISTRICT 46 (UNEXPIRED TERM)",,28,28,2,"MARK MANN",DEM,1340,1390,9992,12722,,
11/5/2024,"FEDERAL, STATE AND COUNTY",10032,"FOR STATE SENATOR DISTRICT 46 (UNEXPIRED TERM)",,28,28,3,"DAVID PILCHMAN",IND,72,67,968,1107,,
11/5/2024,"FEDERAL, STATE AND COUNTY",10034,"FOR STATE REPRESENTATIVE DISTRICT 1",,42,42,1,"VICTORIA LAWHORN",LIB,83,366,1454,1903,,
11/5/2024,"FEDERAL, STATE AND COUNTY",10034,"FOR STATE REPRESENTATIVE DISTRICT 1",,42,42,2,"EDDY DEMPSEY",REP,243,2059,9647,11949,,
11/5/2024,"FEDERAL, STATE AND COUNTY",10037,"FOR STATE REPRESENTATIVE DISTRICT 4",,21,21,1,"BOB ED CULVER",REP,395,2404,7079,9878,,
11/5/2024,"FEDERAL, STATE AND COUNTY",10037,"FOR STATE REPRESENTATIVE DISTRICT 4",,21,21,2,"CHRISTOPHER WIER",DEM,265,1367,3046,4678,,
11/5/2024,"FEDERAL, STATE AND COUNTY",10045,"FOR STATE REPRESENTATIVE DISTRICT 12",,16,16,1,"MARK CHAPMAN",REP,524,4233,11423,16180,,
11/5/2024,"FEDERAL, STATE AND COUNTY",10045,"FOR STATE REPRESENTATIVE DISTRICT 12",,16,16,2,"CRYSTAL LaGRONE",DEM,368,1177,2743,4288,,
11/5/2024,"FEDERAL, STATE AND COUNTY",10049,"FOR STATE REPRESENTATIVE DISTRICT 16",,31,31,1,"SCOTT FETGATTER",REP,307,1647,8880,10834,,
11/5/2024,"FEDERAL, STATE AND COUNTY",10049,"FOR STATE REPRESENTATIVE DISTRICT 16",,31,31,2,"ROSIE LYNCH",DEM,228,772,3334,4334,,
11/5/2024,"FEDERAL, STATE AND COUNTY",10053,"FOR STATE REPRESENTATIVE DISTRICT 20",,20,20,1,"JONATHAN WILK",REP,693,2587,10894,14174,,
11/5/2024,"FEDERAL, STATE AND COUNTY",10053,"FOR STATE REPRESENTATIVE DISTRICT 20",,20,20,2,"MITCHELL JACOB",DEM,429,1027,3080,4536,,
11/5/2024,"FEDERAL, STATE AND COUNTY",10059,"FOR STATE REPRESENTATIVE DISTRICT 26",,14,14,1,"DELL KERBS",REP,444,2636,5823,8903,,
11/5/2024,"FEDERAL, STATE AND COUNTY",10059,"FOR STATE REPRESENTATIVE DISTRICT 26",,14,14,2,"KERRI KECK",DEM,488,1426,3450,5364,,
11/5/2024,"FEDERAL, STATE AND COUNTY",10067,"FOR STATE REPRESENTATIVE DISTRICT 34",,12,12,1,"ANDREW MUCHMORE",REP,190,1149,3015,4354,,
11/5/2024,"FEDERAL, STATE AND COUNTY",10067,"FOR STATE REPRESENTATIVE DISTRICT 34",,12,12,2,"TRISH RANSON",DEM,395,1844,3911,6150,,
11/5/2024,"FEDERAL, STATE AND COUNTY",10070,"FOR STATE REPRESENTATIVE DISTRICT 37",,22,22,1,"KEN LUTTRELL",REP,385,2280,8780,11445,,
11/5/2024,"FEDERAL, STATE AND COUNTY",10070,"FOR STATE REPRESENTATIVE DISTRICT 37",,22,22,2,"CARTER ROGERS",IND,160,545,2416,3121,,
11/5/2024,"FEDERAL, STATE AND COUNTY",10071,"FOR STATE REPRESENTATIVE DISTRICT 38",,44,44,1,"JOHN PFEIFFER",REP,455,2314,12287,15056,,
11/5/2024,"FEDERAL, STATE AND COUNTY",10071,"FOR STATE REPRESENTATIVE DISTRICT 38",,44,44,2,"DOYLE LEWIS",DEM,189,466,2036,2691,,
11/5/2024,"FEDERAL, STATE AND COUNTY",10072,"FOR STATE REPRESENTATIVE DISTRICT 39",,14,14,1,"RICHARD PRAWDZIENSKI",LIB,695,632,3186,4513,,
11/5/2024,"FEDERAL, STATE AND COUNTY",10072,"FOR STATE REPRESENTATIVE DISTRICT 39",,14,14,2,"ERICK HARRIS",REP,2144,2295,9759,14198,,
11/5/2024,"FEDERAL, STATE AND COUNTY",10074,"FOR STATE REPRESENTATIVE DISTRICT 41",,11,11,1,"DENISE CROSSWHITE HADER",REP,1354,2576,10397,14327,,
11/5/2024,"FEDERAL, STATE AND COUNTY",10074,"FOR STATE REPRESENTATIVE DISTRICT 41",,11,11,2,"MIKE BOCKUS",DEM,1042,1098,4470,6610,,
11/5/2024,"FEDERAL, STATE AND COUNTY",10076,"FOR STATE REPRESENTATIVE DISTRICT 43",,11,11,1,"JAY W. STEAGALL",REP,838,3254,7157,11249,,
11/5/2024,"FEDERAL, STATE AND COUNTY",10076,"FOR STATE REPRESENTATIVE DISTRICT 43",,11,11,2,"CASSIE KINET",IND,535,1154,3088,4777,,
11/5/2024,"FEDERAL, STATE AND COUNTY",10078,"FOR STATE REPRESENTATIVE DISTRICT 45",,15,15,1,"ROBERT MURPHY",LIB,36,97,435,568,,
11/5/2024,"FEDERAL, STATE AND COUNTY",10078,"FOR STATE REPRESENTATIVE DISTRICT 45",,15,15,2,"MATT WATSON",REP,491,1994,4672,7157,,
11/5/2024,"FEDERAL, STATE AND COUNTY",10078,"FOR STATE REPRESENTATIVE DISTRICT 45",,15,15,3,"ANNIE MENZ",DEM,917,2241,5345,8503,,
11/5/2024,"FEDERAL, STATE AND COUNTY",10079,"FOR STATE REPRESENTATIVE DISTRICT 46",,16,16,1,"ALEXANDER W. TORVI",REP,774,2660,5570,9004,,
11/5/2024,"FEDERAL, STATE AND COUNTY",10079,"FOR STATE REPRESENTATIVE DISTRICT 46",,16,16,2,"JACOB ROSECRANTS",DEM,1470,3225,5871,10566,,
11/5/2024,"FEDERAL, STATE AND COUNTY",10095,"FOR STATE REPRESENTATIVE DISTRICT 62",,10,10,1,"DANIEL PAE",REP,443,1495,4582,6520,,
11/5/2024,"FEDERAL, STATE AND COUNTY",10095,"FOR STATE REPRESENTATIVE DISTRICT 62",,10,10,2,"ALLISON OFFIELD",DEM,431,1410,3084,4925,,
11/5/2024,"FEDERAL, STATE AND COUNTY",10096,"FOR STATE REPRESENTATIVE DISTRICT 63",,30,30,1,"TREY CALDWELL",REP,302,2011,7713,10026,,
11/5/2024,"FEDERAL, STATE AND COUNTY",10096,"FOR STATE REPRESENTATIVE DISTRICT 63",,30,30,2,"SHYKIRA SMITH",DEM,161,492,1673,2326,,
11/5/2024,"FEDERAL, STATE AND COUNTY",10097,"FOR STATE REPRESENTATIVE DISTRICT 64",,14,14,1,"RANDE WORTHEN",REP,297,1157,3953,5407,,
11/5/2024,"FEDERAL, STATE AND COUNTY",10097,"FOR STATE REPRESENTATIVE DISTRICT 64",,14,14,2,"TOM SUTHERLIN",DEM,388,1117,3136,4641,,
11/5/2024,"FEDERAL, STATE AND COUNTY",10099,"FOR STATE REPRESENTATIVE DISTRICT 66",,18,18,1,"KENNETH BLEVINS",LIB,260,569,3094,3923,,
11/5/2024,"FEDERAL, STATE AND COUNTY",10099,"FOR STATE REPRESENTATIVE DISTRICT 66",,18,18,2,"CLAY STAIRES",REP,433,2574,9721,12728,,
11/5/2024,"FEDERAL, STATE AND COUNTY",10103,"FOR STATE REPRESENTATIVE DISTRICT 70",,18,18,1,"BRADLEY BANKS",REP,629,914,7069,8612,,
11/5/2024,"FEDERAL, STATE AND COUNTY",10103,"FOR STATE REPRESENTATIVE DISTRICT 70",,18,18,2,"SUZANNE E. SCHREIBER",DEM,1251,1324,8587,11162,,
11/5/2024,"FEDERAL, STATE AND COUNTY",10107,"FOR STATE REPRESENTATIVE DISTRICT 74",,14,14,1,"MARK VANCUREN",REP,715,2532,10284,13531,,
11/5/2024,"FEDERAL, STATE AND COUNTY",10107,"FOR STATE REPRESENTATIVE DISTRICT 74",,14,14,2,"AARON BRENT",IND,407,711,3115,4233,,
11/5/2024,"FEDERAL, STATE AND COUNTY",10112,"FOR STATE REPRESENTATIVE DISTRICT 79",,15,15,1,"PAUL HASSINK",REP,363,674,4978,6015,,
11/5/2024,"FEDERAL, STATE AND COUNTY",10112,"FOR STATE REPRESENTATIVE DISTRICT 79",,15,15,2,"MELISSA PROVENZANO",DEM,609,762,5856,7227,,
11/5/2024,"FEDERAL, STATE AND COUNTY",10116,"FOR STATE REPRESENTATIVE DISTRICT 83",,15,15,1,"ERIC ROBERTS",REP,1582,1055,7932,10569,,
11/5/2024,"FEDERAL, STATE AND COUNTY",10116,"FOR STATE REPRESENTATIVE DISTRICT 83",,15,15,2,"JIMMY LAWSON",DEM,1526,967,6009,8502,,
11/5/2024,"FEDERAL, STATE AND COUNTY",10117,"FOR STATE REPRESENTATIVE DISTRICT 84",,15,15,1,"TAMMY WEST",REP,529,451,6124,7104,,
11/5/2024,"FEDERAL, STATE AND COUNTY",10117,"FOR STATE REPRESENTATIVE DISTRICT 84",,15,15,2,"JEREMY LAMB",DEM,567,344,4196,5107,,
11/5/2024,"FEDERAL, STATE AND COUNTY",10118,"FOR STATE REPRESENTATIVE DISTRICT 85",,18,18,1,"DAVID B. HOOTEN",REP,892,695,6115,7702,,
11/5/2024,"FEDERAL, STATE AND COUNTY",10118,"FOR STATE REPRESENTATIVE DISTRICT 85",,18,18,2,"CYNDI MUNSON",DEM,1994,1092,8918,12004,,
11/5/2024,"FEDERAL, STATE AND COUNTY",10119,"FOR STATE REPRESENTATIVE DISTRICT 86",,30,30,1,"DAVID HARDIN",REP,246,1885,9189,11320,,
11/5/2024,"FEDERAL, STATE AND COUNTY",10119,"FOR STATE REPRESENTATIVE DISTRICT 86",,30,30,2,"ANNE FITE",DEM,160,585,2578,3323,,
11/5/2024,"FEDERAL, STATE AND COUNTY",10120,"FOR STATE REPRESENTATIVE DISTRICT 87",,16,16,1,"DAVE SCHNITTGER",REP,332,363,3659,4354,,
11/5/2024,"FEDERAL, STATE AND COUNTY",10120,"FOR STATE REPRESENTATIVE DISTRICT 87",,16,16,2,"ELLYN HEFNER",DEM,724,593,5642,6959,,
11/5/2024,"FEDERAL, STATE AND COUNTY",10121,"FOR STATE REPRESENTATIVE DISTRICT 88",,15,15,1,"ELLEN POGEMILLER",DEM,1072,1093,7446,9611,,
11/5/2024,"FEDERAL, STATE AND COUNTY",10121,"FOR STATE REPRESENTATIVE DISTRICT 88",,15,15,2,"BOBBY McCOLLUM",IND,185,280,2426,2891,,
11/5/2024,"FEDERAL, STATE AND COUNTY",10123,"FOR STATE REPRESENTATIVE DISTRICT 90",,12,12,1,"EMILY GISE",REP,545,1223,5212,6980,,
11/5/2024,"FEDERAL, STATE AND COUNTY",10123,"FOR STATE REPRESENTATIVE DISTRICT 90",,12,12,2,"NANA ABRAM DANKWA",DEM,329,555,2667,3551,,
11/5/2024,"FEDERAL, STATE AND COUNTY",10127,"FOR STATE REPRESENTATIVE DISTRICT 94",,11,11,1,"SUZANNE JOBE",REP,320,337,3814,4471,,
11/5/2024,"FEDERAL, STATE AND COUNTY",10127,"FOR STATE REPRESENTATIVE DISTRICT 94",,11,11,2,"ANDY FUGATE",DEM,698,638,5533,6869,,
11/5/2024,"FEDERAL, STATE AND COUNTY",10128,"FOR STATE REPRESENTATIVE DISTRICT 95",,12,12,1,"MAX WOLFLEY",REP,543,681,6016,7240,,
11/5/2024,"FEDERAL, STATE AND COUNTY",10128,"FOR STATE REPRESENTATIVE DISTRICT 95",,12,12,2,"TEGAN MALONE",DEM,598,650,4916,6164,,
11/5/2024,"FEDERAL, STATE AND COUNTY",10131,"FOR STATE REPRESENTATIVE DISTRICT 98",,12,12,1,"GABE WOOLLEY",REP,525,2463,7883,10871,,
11/5/2024,"FEDERAL, STATE AND COUNTY",10131,"FOR STATE REPRESENTATIVE DISTRICT 98",,12,12,2,"CATHY SMYTHE",DEM,419,1267,3749,5435,,
11/5/2024,"FEDERAL, STATE AND COUNTY",10133,"FOR STATE REPRESENTATIVE DISTRICT 100",,14,14,1,"MARILYN STARK",REP,1029,673,6115,7817,,
11/5/2024,"FEDERAL, STATE AND COUNTY",10133,"FOR STATE REPRESENTATIVE DISTRICT 100",,14,14,2,"CHAUNTE GILMORE",DEM,1093,745,5691,7529,,
11/5/2024,"TULSA COUNTY",10206,"FOR COUNTY CLERK",,251,251,1,"MICHAEL BRANDON WILLIS",REP,9122,14407,133706,157235,TULSA
11/5/2024,"TULSA COUNTY",10206,"FOR COUNTY CLERK",,251,251,2,"DON NUAM",DEM,8580,11142,74298,94020,TULSA
11/5/2024,"COAL COUNTY",10226,"FOR COUNTY SHERIFF",,9,9,1,"JASON SMITH",REP,22,496,959,1477,COAL
11/5/2024,"COAL COUNTY",10226,"FOR COUNTY SHERIFF",,9,9,2,"BRYAN JUMP",DEM,20,345,695,1060,COAL
11/5/2024,"COMANCHE COUNTY",10227,"FOR COUNTY SHERIFF",,40,40,1,"MICHAEL MERRITT",REP,1123,3828,15598,20549,COMANCHE
11/5/2024,"COMANCHE COUNTY",10227,"FOR COUNTY SHERIFF",,40,40,2,"DAVID STROUD",DEM,1065,3083,9192,13340,COMANCHE
11/5/2024,"JEFFERSON COUNTY",10245,"FOR COUNTY SHERIFF",,9,9,1,"JEREMIE WILSON",REP,18,240,761,1019,JEFFERSON
11/5/2024,"JEFFERSON COUNTY",10245,"FOR COUNTY SHERIFF",,9,9,2,"MICHAEL W. BRYANT",DEM,26,329,972,1327,JEFFERSON
11/5/2024,"MCCURTAIN COUNTY",10256,"FOR COUNTY SHERIFF",,30,30,1,"BRUCE W. SHIREY",REP,147,1532,6447,8126,MCCURTAIN
11/5/2024,"MCCURTAIN COUNTY",10256,"FOR COUNTY SHERIFF",,30,30,2,"STEVE McKEE",DEM,103,588,2349,3040,MCCURTAIN
11/5/2024,"MARSHALL COUNTY",10259,"FOR COUNTY SHERIFF",,9,9,1,"DONALD YOW",REP,148,1607,2879,4634,MARSHALL
11/5/2024,"MARSHALL COUNTY",10259,"FOR COUNTY SHERIFF",,9,9,2,"DANNY CRYER",IND,66,575,1197,1838,MARSHALL
11/5/2024,"OKLAHOMA COUNTY",10266,"FOR COUNTY SHERIFF",,290,290,1,"TOMMIE JOHNSON III",REP,18711,16608,130433,165752,OKLAHOMA
11/5/2024,"OKLAHOMA COUNTY",10266,"FOR COUNTY SHERIFF",,290,290,2,"WAYLAND CUBIT",DEM,15449,14083,89870,119402,OKLAHOMA
11/5/2024,"PONTOTOC COUNTY",10273,"FOR COUNTY SHERIFF",,20,20,1,"ARNOLD SCOTT",REP,179,1803,6548,8530,PONTOTOC
11/5/2024,"PONTOTOC COUNTY",10273,"FOR COUNTY SHERIFF",,20,20,2,"JASON R. POTTER",DEM,238,1387,4900,6525,PONTOTOC
11/5/2024,"WOODS COUNTY",10287,"FOR COUNTY SHERIFF",,6,6,1,"RANDY McCULLOUGH",REP,107,1059,1847,3013,WOODS
11/5/2024,"WOODS COUNTY",10287,"FOR COUNTY SHERIFF",,6,6,2,"KEITH DALE",IND,16,226,367,609,WOODS
11/5/2024,"CLEVELAND COUNTY",10302,"FOR COUNTY COURT CLERK",,105,105,1,"MARILYN WILLIAMS",REP,5313,19893,44144,69350,CLEVELAND
11/5/2024,"CLEVELAND COUNTY",10302,"FOR COUNTY COURT CLERK",,105,105,2,"LISA MEYER",IND,4280,11495,26847,42622,CLEVELAND
11/5/2024,"ADAIR COUNTY",10364,"FOR COUNTY COMMISSIONER DISTRICT NO. 2",,6,6,1,"ALAN STARR",REP,37,311,1244,1592,ADAIR
11/5/2024,"ADAIR COUNTY",10364,"FOR COUNTY COMMISSIONER DISTRICT NO. 2",,6,6,2,"JACK W CARLTON",DEM,17,139,522,678,ADAIR
11/5/2024,"GARVIN COUNTY",10388,"FOR COUNTY COMMISSIONER DISTRICT NO. 2",,6,6,1,"TOM PYLE",REP,77,720,1745,2542,GARVIN
11/5/2024,"GARVIN COUNTY",10388,"FOR COUNTY COMMISSIONER DISTRICT NO. 2",,6,6,2,"SHON RICHARDSON",DEM,61,333,803,1197,GARVIN
11/5/2024,"KINGFISHER COUNTY",10400,"FOR COUNTY COMMISSIONER DISTRICT NO. 2",,4,4,1,"MIKE SPARKS",REP,43,283,1157,1483,KINGFISHER
11/5/2024,"KINGFISHER COUNTY",10400,"FOR COUNTY COMMISSIONER DISTRICT NO. 2",,4,4,2,"DAVID ROLLER",DEM,18,58,188,264,KINGFISHER
11/5/2024,"KIOWA COUNTY",10401,"FOR COUNTY COMMISSIONER DISTRICT NO. 2",,4,4,1,"BRENT STRAUB",REP,23,227,396,646,KIOWA
11/5/2024,"KIOWA COUNTY",10401,"FOR COUNTY COMMISSIONER DISTRICT NO. 2",,4,4,2,"RICKY McCOLLOM",IND,23,131,318,472,KIOWA
11/5/2024,"LATIMER COUNTY",10402,"FOR COUNTY COMMISSIONER DISTRICT NO. 2",,6,6,1,"JADEN PAUL PETTY",REP,23,166,759,948,LATIMER
11/5/2024,"LATIMER COUNTY",10402,"FOR COUNTY COMMISSIONER DISTRICT NO. 2",,6,6,2,"JERRY JILES",DEM,10,57,373,440,LATIMER
11/5/2024,"LOVE COUNTY",10406,"FOR COUNTY COMMISSIONER DISTRICT NO. 2",,4,4,1,"MICHAEL MAYES",REP,21,299,660,980,LOVE
11/5/2024,"LOVE COUNTY",10406,"FOR COUNTY COMMISSIONER DISTRICT NO. 2",,4,4,2,"EDITH REDMON",DEM,5,122,214,341,LOVE
11/5/2024,"MCCURTAIN COUNTY",10408,"FOR COUNTY COMMISSIONER DISTRICT NO. 2",,10,10,1,"TINA FOSHEE-THOMAS",REP,53,595,1473,2121,MCCURTAIN
11/5/2024,"MCCURTAIN COUNTY",10408,"FOR COUNTY COMMISSIONER DISTRICT NO. 2",,10,10,2,"TONY HILL",DEM,55,337,907,1299,MCCURTAIN
11/5/2024,"OKFUSKEE COUNTY",10417,"FOR COUNTY COMMISSIONER DISTRICT NO. 2",,5,5,1,"MIKE YOCHAM",REP,13,268,711,992,OKFUSKEE
11/5/2024,"OKFUSKEE COUNTY",10417,"FOR COUNTY COMMISSIONER DISTRICT NO. 2",,5,5,2,"CHANCE SHIELDS",IND,13,112,406,531,OKFUSKEE
11/5/2024,"OTTAWA COUNTY",10421,"FOR COUNTY COMMISSIONER DISTRICT NO. 2",,5,5,1,"ROBERT CLARK",REP,59,669,2120,2848,OTTAWA
11/5/2024,"OTTAWA COUNTY",10421,"FOR COUNTY COMMISSIONER DISTRICT NO. 2",,5,5,2,"WAYNE REED",IND,26,183,648,857,OTTAWA
11/5/2024,"PAWNEE COUNTY",10422,"FOR COUNTY COMMISSIONER DISTRICT NO. 2",,3,3,1,"JOE HIGGINS",REP,37,403,1087,1527,PAWNEE
11/5/2024,"PAWNEE COUNTY",10422,"FOR COUNTY COMMISSIONER DISTRICT NO. 2",,3,3,2,"JOHN J. MASHBURN",DEM,24,155,423,602,PAWNEE
11/5/2024,"TULSA COUNTY",10435,"FOR COUNTY COMMISSIONER DISTRICT NO. 2",,83,83,1,"LONNIE SIMS",REP,1928,3528,33320,38776,TULSA
11/5/2024,"TULSA COUNTY",10435,"FOR COUNTY COMMISSIONER DISTRICT NO. 2",,83,83,2,"SARAH ELIZABETH GRAY",DEM,3156,4378,29990,37524,TULSA
11/5/2024,"FEDERAL, STATE AND COUNTY",20003,"SUPREME COURT DISTRICT 3",,1984,1984,1,"YES",,55740,124226,545098,725064,,
11/5/2024,"FEDERAL, STATE AND COUNTY",20003,"SUPREME COURT DISTRICT 3",,1984,1984,2,"NO",,37353,144683,535324,717360,,
11/5/2024,"FEDERAL, STATE AND COUNTY",20004,"SUPREME COURT DISTRICT 4",,1984,1984,1,"YES",,53783,123134,540146,717063,,
11/5/2024,"FEDERAL, STATE AND COUNTY",20004,"SUPREME COURT DISTRICT 4",,1984,1984,2,"NO",,39510,145368,539053,723931,,
11/5/2024,"FEDERAL, STATE AND COUNTY",20007,"SUPREME COURT DISTRICT 7",,1984,1984,1,"YES",,54260,126424,556778,737462,,
11/5/2024,"FEDERAL, STATE AND COUNTY",20007,"SUPREME COURT DISTRICT 7",,1984,1984,2,"NO",,39395,143012,525632,708039,,
11/5/2024,"FEDERAL, STATE AND COUNTY",20010,"COURT OF CRIMINAL APPEALS DISTRICT 1",,1984,1984,1,"YES",,56637,166333,678361,901331,,
11/5/2024,"FEDERAL, STATE AND COUNTY",20010,"COURT OF CRIMINAL APPEALS DISTRICT 1",,1984,1984,2,"NO",,32939,95000,372589,500528,,
11/5/2024,"FEDERAL, STATE AND COUNTY",20013,"COURT OF CRIMINAL APPEALS DISTRICT 4",,1984,1984,1,"YES",,58406,163423,667351,889180,,
11/5/2024,"FEDERAL, STATE AND COUNTY",20013,"COURT OF CRIMINAL APPEALS DISTRICT 4",,1984,1984,2,"NO",,31126,96671,378733,506530,,
11/5/2024,"FEDERAL, STATE AND COUNTY",20014,"COURT OF CRIMINAL APPEALS DISTRICT 5",,1984,1984,1,"YES",,59546,147524,617103,824173,,
11/5/2024,"FEDERAL, STATE AND COUNTY",20014,"COURT OF CRIMINAL APPEALS DISTRICT 5",,1984,1984,2,"NO",,30063,112313,427793,570169,,
11/5/2024,"FEDERAL, STATE AND COUNTY",20018,"COURT OF CIVIL APPEALS DISTRICT 2 - OFFICE 2",,1984,1984,1,"YES",,55272,165831,676465,897568,,
11/5/2024,"FEDERAL, STATE AND COUNTY",20018,"COURT OF CIVIL APPEALS DISTRICT 2 - OFFICE 2",,1984,1984,2,"NO",,33905,93338,366013,493256,,
11/5/2024,"FEDERAL, STATE AND COUNTY",20022,"COURT OF CIVIL APPEALS DISTRICT 4 - OFFICE 2",,1984,1984,1,"YES",,55310,166708,679945,901963,,
11/5/2024,"FEDERAL, STATE AND COUNTY",20022,"COURT OF CIVIL APPEALS DISTRICT 4 - OFFICE 2",,1984,1984,2,"NO",,33808,91853,360235,485896,,
11/5/2024,"FEDERAL, STATE AND COUNTY",20023,"COURT OF CIVIL APPEALS DISTRICT 5 - OFFICE 1",,1984,1984,1,"YES",,55803,165404,674511,895718,,
11/5/2024,"FEDERAL, STATE AND COUNTY",20023,"COURT OF CIVIL APPEALS DISTRICT 5 - OFFICE 1",,1984,1984,2,"NO",,33372,92962,365302,491636,,
11/5/2024,"FEDERAL, STATE AND COUNTY",20024,"COURT OF CIVIL APPEALS DISTRICT 5 - OFFICE 2",,1984,1984,1,"YES",,58462,143779,601494,803735,,
11/5/2024,"FEDERAL, STATE AND COUNTY",20024,"COURT OF CIVIL APPEALS DISTRICT 5 - OFFICE 2",,1984,1984,2,"NO",,29682,111754,422972,564408,,
11/5/2024,"FEDERAL, STATE AND COUNTY",20025,"COURT OF CIVIL APPEALS DISTRICT 6 - OFFICE 1",,1984,1984,1,"YES",,56015,148768,614145,818928,,
11/5/2024,"FEDERAL, STATE AND COUNTY",20025,"COURT OF CIVIL APPEALS DISTRICT 6 - OFFICE 1",,1984,1984,2,"NO",,30358,98329,382933,511620,,
11/5/2024,"FEDERAL, STATE AND COUNTY",20026,"COURT OF CIVIL APPEALS DISTRICT 6 - OFFICE 2",,1984,1984,1,"YES",,54533,142241,591749,788523,,
11/5/2024,"FEDERAL, STATE AND COUNTY",20026,"COURT OF CIVIL APPEALS DISTRICT 6 - OFFICE 2",,1984,1984,2,"NO",,31826,104793,404744,541363,,
11/5/2024,"GRANT COUNTY",30002,"PROPOSITION",,7,7,1,"FOR THE PROPOSITION - YES",,49,178,1184,1411,GRANT
11/5/2024,"GRANT COUNTY",30002,"PROPOSITION",,7,7,2,"AGAINST THE PROPOSITION - NO",,26,130,539,695,GRANT
11/5/2024,"BRYAN COUNTY",30003,"PROPOSITION NO. 1",,25,25,1,"FOR THE PROPOSITION - YES",,286,1474,5532,7292,BRYAN
11/5/2024,"BRYAN COUNTY",30003,"PROPOSITION NO. 1",,25,25,2,"AGAINST THE PROPOSITION - NO",,275,1989,7805,10069,BRYAN
11/5/2024,"BRYAN COUNTY",30004,"PROPOSITION NO. 2",,25,25,1,"FOR THE PROPOSITION - YES",,266,1449,5232,6947,BRYAN
11/5/2024,"BRYAN COUNTY",30004,"PROPOSITION NO. 2",,25,25,2,"AGAINST THE PROPOSITION - NO",,297,2003,8077,10377,BRYAN
11/5/2024,"CIMARRON COUNTY",30005,"PROPOSITION",,6,6,1,"FOR THE PROPOSITION - YES",,30,330,416,776,CIMARRON
11/5/2024,"CIMARRON COUNTY",30005,"PROPOSITION",,6,6,2,"AGAINST THE PROPOSITION - NO",,6,50,103,159,CIMARRON
11/5/2024,"GRADY COUNTY",30006,"PROPOSITION",,28,28,1,"FOR THE PROPOSITION - YES",,998,2688,13796,17482,GRADY
11/5/2024,"GRADY COUNTY",30006,"PROPOSITION",,28,28,2,"AGAINST THE PROPOSITION - NO",,300,1354,5830,7484,GRADY
11/5/2024,"WASHINGTON COUNTY",30007,"PROPOSITION",,26,26,1,"FOR THE PROPOSITION - YES",,553,2923,9378,12854,WASHINGTON
11/5/2024,"WASHINGTON COUNTY",30007,"PROPOSITION",,26,26,2,"AGAINST THE PROPOSITION - NO",,414,2397,7283,10094,WASHINGTON
11/5/2024,"CRAIG COUNTY",30008,"PROPOSITION",,13,13,1,"FOR THE PROPOSITION - YES",,41,313,989,1343,CRAIG
11/5/2024,"CRAIG COUNTY",30008,"PROPOSITION",,13,13,2,"AGAINST THE PROPOSITION - NO",,139,957,3609,4705,CRAIG
11/5/2024,"LINCOLN COUNTY",30009,"PROPOSITION",,19,19,1,"FOR THE PROPOSITION - YES",,289,1840,6985,9114,LINCOLN
11/5/2024,"LINCOLN COUNTY",30009,"PROPOSITION",,19,19,2,"AGAINST THE PROPOSITION - NO",,194,1192,4795,6181,LINCOLN
11/5/2024,"FEDERAL, STATE AND COUNTY",30010,"STATE QUESTION NO. 833 LEGISLATIVE REFERENDUM NO. 376",,1984,1984,1,"FOR THE PROPOSAL - YES",,38317,100583,421082,559982,,
11/5/2024,"FEDERAL, STATE AND COUNTY",30010,"STATE QUESTION NO. 833 LEGISLATIVE REFERENDUM NO. 376",,1984,1984,2,"AGAINST THE PROPOSAL - NO",,56416,172221,669889,898526,,
11/5/2024,"FEDERAL, STATE AND COUNTY",30011,"STATE QUESTION NO. 834 LEGISLATIVE REFERENDUM NO. 377",,1984,1984,1,"FOR THE PROPOSAL - YES",,73069,225190,909261,1207520,,
11/5/2024,"FEDERAL, STATE AND COUNTY",30011,"STATE QUESTION NO. 834 LEGISLATIVE REFERENDUM NO. 377",,1984,1984,2,"AGAINST THE PROPOSAL - NO",,25399,54352,208516,288267,,
11/5/2024,"COMANCHE COUNTY",30012,"PROPOSITION",,40,40,1,"FOR THE PROPOSITION - YES",,1322,4197,15589,21108,COMANCHE
11/5/2024,"COMANCHE COUNTY",30012,"PROPOSITION",,40,40,2,"AGAINST THE PROPOSITION - NO",,794,2743,9349,12886,COMANCHE
11/5/2024,"TOWN OF OKEENE",40601,"PROPOSITION  TOWN OF OKEENE",,1,1,1,"FOR THE PROPOSITION - YES",,11,20,290,321,,
11/5/2024,"TOWN OF OKEENE",40601,"PROPOSITION  TOWN OF OKEENE",,1,1,2,"AGAINST THE PROPOSITION - NO",,7,6,93,106,,
11/5/2024,"TOWN OF CALERA",40701,"PROPOSITION  TOWN OF CALERA",,3,3,1,"FOR THE PROPOSITION - YES",,12,74,364,450,,
11/5/2024,"TOWN OF CALERA",40701,"PROPOSITION  TOWN OF CALERA",,3,3,2,"AGAINST THE PROPOSITION - NO",,15,69,384,468,,
11/5/2024,"CITY OF ANADARKO",40801,"FOR MAYOR (UNEXPIRED TERM)  CITY OF ANADARKO",,3,3,1,"KELLEY McGLOTHLIN",,21,154,429,604,,
11/5/2024,"CITY OF ANADARKO",40801,"FOR MAYOR (UNEXPIRED TERM)  CITY OF ANADARKO",,3,3,2,"PATRICK MICHAEL HAYES",,3,34,138,175,,
11/5/2024,"CITY OF ANADARKO",40801,"FOR MAYOR (UNEXPIRED TERM)  CITY OF ANADARKO",,3,3,3,"JOHN McCASLAND",,18,209,490,717,,
11/5/2024,"CITY OF EL RENO",40901,"FOR COUNCILMEMBER WARD 1  CITY OF EL RENO",,3,3,1,"AMY NEATHERY",,28,126,455,609,,
11/5/2024,"CITY OF EL RENO",40901,"FOR COUNCILMEMBER WARD 1  CITY OF EL RENO",,3,3,2,"AARON J. HINES",,6,59,223,288,,
11/5/2024,"CITY OF EL RENO",40901,"FOR COUNCILMEMBER WARD 1  CITY OF EL RENO",,3,3,3,"PHILLIP CHURCH",,14,63,312,389,,
11/5/2024,"CITY OF EL RENO",40902,"PROPOSITION  CITY OF EL RENO",,13,13,1,"FOR THE PROPOSITION - YES",,169,876,2894,3939,,
11/5/2024,"CITY OF EL RENO",40902,"PROPOSITION  CITY OF EL RENO",,13,13,2,"AGAINST THE PROPOSITION - NO",,62,327,1048,1437,,
11/5/2024,"CITY OF YUKON",40903,"PROPOSITION NO. 1  CITY OF YUKON",,13,13,1,"FOR THE PROPOSITION - YES",,591,1663,4759,7013,,
11/5/2024,"CITY OF YUKON",40903,"PROPOSITION NO. 1  CITY OF YUKON",,13,13,2,"AGAINST THE PROPOSITION - NO",,231,812,1988,3031,,
11/5/2024,"CITY OF YUKON",40904,"PROPOSITION NO. 2  CITY OF YUKON",,13,13,1,"FOR THE PROPOSITION - YES",,670,1942,5354,7966,,
11/5/2024,"CITY OF YUKON",40904,"PROPOSITION NO. 2  CITY OF YUKON",,13,13,2,"AGAINST THE PROPOSITION - NO",,172,564,1502,2238,,
11/5/2024,"CITY OF YUKON",40905,"PROPOSITION NO. 3  CITY OF YUKON",,13,13,1,"FOR THE PROPOSITION - YES",,625,1855,5059,7539,,
11/5/2024,"CITY OF YUKON",40905,"PROPOSITION NO. 3  CITY OF YUKON",,13,13,2,"AGAINST THE PROPOSITION - NO",,204,623,1706,2533,,
11/5/2024,"CITY OF YUKON",40906,"PROPOSITION NO. 4  CITY OF YUKON",,13,13,1,"FOR THE PROPOSITION - YES",,484,1187,3319,4990,,
11/5/2024,"CITY OF YUKON",40906,"PROPOSITION NO. 4  CITY OF YUKON",,13,13,2,"AGAINST THE PROPOSITION - NO",,359,1319,3528,5206,,
11/5/2024,"CITY OF YUKON",40907,"PROPOSITION NO. 5  CITY OF YUKON",,13,13,1,"FOR THE PROPOSITION - YES",,584,1681,4713,6978,,
11/5/2024,"CITY OF YUKON",40907,"PROPOSITION NO. 5  CITY OF YUKON",,13,13,2,"AGAINST THE PROPOSITION - NO",,252,819,2097,3168,,
11/5/2024,"CITY OF MOORE",41401,"PROPOSITION NO. 1  CITY OF MOORE",,22,22,1,"FOR THE PROPOSITION - YES",,1222,3896,8054,13172,,
11/5/2024,"CITY OF MOORE",41401,"PROPOSITION NO. 1  CITY OF MOORE",,22,22,2,"AGAINST THE PROPOSITION - NO",,682,3129,6223,10034,,
11/5/2024,"CITY OF MOORE",41402,"PROPOSITION NO. 2  CITY OF MOORE",,22,22,1,"FOR THE PROPOSITION - YES",,1116,3747,7928,12791,,
11/5/2024,"CITY OF MOORE",41402,"PROPOSITION NO. 2  CITY OF MOORE",,22,22,2,"AGAINST THE PROPOSITION - NO",,789,3269,6329,10387,,
11/5/2024,"CITY OF LAWTON",41603,"FOR COUNCIL MEMBER WARD 2  CITY OF LAWTON",,7,7,1,"R. L. SMITH",,78,301,932,1311,,
11/5/2024,"CITY OF LAWTON",41603,"FOR COUNCIL MEMBER WARD 2  CITY OF LAWTON",,7,7,2,"SHELLI FOX",,73,243,815,1131,,
11/5/2024,"CITY OF CLINTON",42001,"FOR MAYOR  CITY OF CLINTON",,5,5,1,"CHRIS ROLAND",,26,207,545,778,,
11/5/2024,"CITY OF CLINTON",42001,"FOR MAYOR  CITY OF CLINTON",,5,5,2,"DAVID BERRONG",,63,496,1086,1645,,
11/5/2024,"CITY OF CLINTON",42003,"FOR COUNCILMAN WARD 4  CITY OF CLINTON",,3,3,1,"BOBBY STEWART",,11,52,110,173,,
11/5/2024,"CITY OF CLINTON",42003,"FOR COUNCILMAN WARD 4  CITY OF CLINTON",,3,3,2,"ARTHUR LLOYD JR",,7,40,135,182,,
11/5/2024,"TOWN OF SHATTUCK",42301,"PROPOSITION  TOWN OF SHATTUCK",,2,2,1,"FOR THE PROPOSITION - YES",,15,55,353,423,,
11/5/2024,"TOWN OF SHATTUCK",42301,"PROPOSITION  TOWN OF SHATTUCK",,2,2,2,"AGAINST THE PROPOSITION - NO",,1,14,93,108,,
11/5/2024,"CITY OF POND CREEK",42701,"PROPOSITION  CITY OF POND CREEK",,2,2,1,"FOR THE PROPOSITION - YES",,7,22,268,297,,
11/5/2024,"CITY OF POND CREEK",42701,"PROPOSITION  CITY OF POND CREEK",,2,2,2,"AGAINST THE PROPOSITION - NO",,4,13,109,126,,
11/5/2024,"TOWN OF TERRAL",43401,"PROPOSITION  TOWN OF TERRAL",,1,1,1,"FOR THE PROPOSITION - YES",,2,11,46,59,,
11/5/2024,"TOWN OF TERRAL",43401,"PROPOSITION  TOWN OF TERRAL",,1,1,2,"AGAINST THE PROPOSITION - NO",,0,9,57,66,,
11/5/2024,"CITY OF FAIRVIEW",44701,"PROPOSITION  CITY OF FAIRVIEW",,2,2,1,"FOR THE PROPOSITION - YES",,46,231,422,699,,
11/5/2024,"CITY OF FAIRVIEW",44701,"PROPOSITION  CITY OF FAIRVIEW",,2,2,2,"AGAINST THE PROPOSITION - NO",,11,120,254,385,,
11/5/2024,"CITY OF EDMOND",45501,"PROPOSITION NO. 1 STREET AND BRIDGE PROJECTS  CITY OF EDMOND",,37,37,1,"FOR THE PROPOSITION - YES",,3231,1966,9957,15154,,
11/5/2024,"CITY OF EDMOND",45501,"PROPOSITION NO. 1 STREET AND BRIDGE PROJECTS  CITY OF EDMOND",,37,37,2,"AGAINST THE PROPOSITION - NO",,4277,5274,23419,32970,,
11/5/2024,"CITY OF EDMOND",45502,"PROPOSITION NO. 2 PARKS AND RECREATIONAL FACILITIES PROJECTS  CITY OF EDMOND",,37,37,1,"FOR THE PROPOSITION - YES",,2778,1815,9405,13998,,
11/5/2024,"CITY OF EDMOND",45502,"PROPOSITION NO. 2 PARKS AND RECREATIONAL FACILITIES PROJECTS  CITY OF EDMOND",,37,37,2,"AGAINST THE PROPOSITION - NO",,4723,5425,23923,34071,,
11/5/2024,"CITY OF EDMOND",45503,"PROPOSITION NO. 3 FIREFIGHTING BUILDINGS, FACILITIES, AND EQUIPMENT PROJECTS  CITY OF EDMOND",,37,37,1,"FOR THE PROPOSITION - YES",,3590,2282,11349,17221,,
11/5/2024,"CITY OF EDMOND",45503,"PROPOSITION NO. 3 FIREFIGHTING BUILDINGS, FACILITIES, AND EQUIPMENT PROJECTS  CITY OF EDMOND",,37,37,2,"AGAINST THE PROPOSITION - NO",,3919,4949,21977,30845,,
11/5/2024,"CITY OF BEGGS",45601,"PROPOSITION  CITY OF BEGGS",,4,4,1,"FOR THE PROPOSITION - YES",,5,40,181,226,,
11/5/2024,"CITY OF BEGGS",45601,"PROPOSITION  CITY OF BEGGS",,4,4,2,"AGAINST THE PROPOSITION - NO",,9,62,385,456,,
11/5/2024,"CITY OF STILLWATER",46001,"PROPOSITION  CITY OF STILLWATER",,22,22,1,"FOR THE PROPOSITION - YES",,525,3031,6711,10267,,
11/5/2024,"CITY OF STILLWATER",46001,"PROPOSITION  CITY OF STILLWATER",,22,22,2,"AGAINST THE PROPOSITION - NO",,233,1033,2667,3933,,
11/5/2024,"TOWN OF QUINTON",46101,"PROPOSITION  TOWN OF QUINTON",,2,2,1,"FOR THE PROPOSITION - YES",,3,8,149,160,,
11/5/2024,"TOWN OF QUINTON",46101,"PROPOSITION  TOWN OF QUINTON",,2,2,2,"AGAINST THE PROPOSITION - NO",,4,22,133,159,,
11/5/2024,"TOWN OF FOYIL",46601,"PROPOSITION  TOWN OF FOYIL",,1,1,1,"FOR THE PROPOSITION - YES",,1,3,38,42,,
11/5/2024,"TOWN OF FOYIL",46601,"PROPOSITION  TOWN OF FOYIL",,1,1,2,"AGAINST THE PROPOSITION - NO",,2,6,53,61,,
11/5/2024,"CITY OF BIXBY",47201,"PROPOSITION  CITY OF BIXBY",,16,16,1,"FOR THE PROPOSITION - YES",,616,636,6964,8216,,
11/5/2024,"CITY OF BIXBY",47201,"PROPOSITION  CITY OF BIXBY",,16,16,2,"AGAINST THE PROPOSITION - NO",,309,469,4718,5496,,
11/5/2024,"CITY OF TULSA",47202,"FOR MAYOR  CITY OF TULSA",,163,163,1,"MONROE NICHOLS",,5370,9527,61570,76467,,
11/5/2024,"CITY OF TULSA",47202,"FOR MAYOR  CITY OF TULSA",,163,163,2,"KAREN KEITH",,4927,6564,49495,60986,,
11/5/2024,"CITY OF TULSA",47204,"FOR COUNCIL DISTRICT 2  CITY OF TULSA",,15,15,1,"ANTHONY ARCHIE",,463,676,5285,6424,,
11/5/2024,"CITY OF TULSA",47204,"FOR COUNCIL DISTRICT 2  CITY OF TULSA",,15,15,2,"STEPHANIE REISDORPH",,370,544,4449,5363,,
11/5/2024,"CITY OF TULSA",47209,"FOR COUNCIL DISTRICT 7  CITY OF TULSA",,20,20,1,"LORI DECTER WRIGHT",,711,891,6155,7757,,
11/5/2024,"CITY OF TULSA",47209,"FOR COUNCIL DISTRICT 7  CITY OF TULSA",,20,20,2,"EDDIE HUFF",,372,809,5739,6920,,
11/5/2024,"CITY OF TULSA",47211,"FOR COUNCIL DISTRICT 9  CITY OF TULSA",,19,19,1,"CAROL BUSH",,1338,1336,8993,11667,,
11/5/2024,"CITY OF TULSA",47211,"FOR COUNCIL DISTRICT 9  CITY OF TULSA",,19,19,2,"JAYME FOWLER",,702,951,7027,8680,,
11/5/2024,"CITY OF BARTLESVILLE",47401,"FOR COUNCILMEMBER WARD 1  CITY OF BARTLESVILLE",,4,4,1,"TIM SHERRICK",,27,390,1192,1609,,
11/5/2024,"CITY OF BARTLESVILLE",47401,"FOR COUNCILMEMBER WARD 1  CITY OF BARTLESVILLE",,4,4,2,"DALE COPELAND",,88,348,1071,1507,,
11/5/2024,"CITY OF BARTLESVILLE",47402,"FOR COUNCILMEMBER WARD 2  CITY OF BARTLESVILLE",,7,7,1,"LARRY EAST",,106,758,1442,2306,,
11/5/2024,"CITY OF BARTLESVILLE",47402,"FOR COUNCILMEMBER WARD 2  CITY OF BARTLESVILLE",,7,7,2,"LOREN ROSZEL",,100,469,866,1435,,
11/5/2024,"CITY OF BARTLESVILLE",47404,"FOR COUNCILMEMBER WARD 4  CITY OF BARTLESVILLE",,6,6,1,"QUINN SCHIPPER",,35,141,504,680,,
11/5/2024,"CITY OF BARTLESVILLE",47404,"FOR COUNCILMEMBER WARD 4  CITY OF BARTLESVILLE",,6,6,2,"AARON KIRKPATRICK",,38,229,1002,1269,,
11/5/2024,"CITY OF BARTLESVILLE",47404,"FOR COUNCILMEMBER WARD 4  CITY OF BARTLESVILLE",,6,6,3,"CHRISTOPHER LaTORRACA",,10,36,105,151,,
11/5/2024,"CITY OF BARTLESVILLE",47405,"FOR COUNCILMEMBER WARD 5  CITY OF BARTLESVILLE",,5,5,1,"MATTHEW SNODGRASS",,42,219,566,827,,
11/5/2024,"CITY OF BARTLESVILLE",47405,"FOR COUNCILMEMBER WARD 5  CITY OF BARTLESVILLE",,5,5,2,"TREVOR D DORSEY",,58,523,1168,1749,,
11/5/2024,"CITY OF BARTLESVILLE",47405,"FOR COUNCILMEMBER WARD 5  CITY OF BARTLESVILLE",,5,5,3,"KAREN MONROE",,28,148,443,619,,
11/5/2024,"WYNONA PUBLIC SCHOOLS INDEPENDENT SCHOOL DISTRICT NO. 030",55701,"PROPOSITION  WYNONA PUBLIC SCHOOLS",,4,4,1,"FOR THE PROPOSITION - YES",,0,23,144,167,,
11/5/2024,"WYNONA PUBLIC SCHOOLS INDEPENDENT SCHOOL DISTRICT NO. 030",55701,"PROPOSITION  WYNONA PUBLIC SCHOOLS",,4,4,2,"AGAINST THE PROPOSITION - NO",,4,18,84,106,,
11/5/2024,"INDIANOLA PUBLIC SCHOOLS INDEPENDENT SCHOOL DISTRICT NO. 025",56101,"PROPOSITION  INDIANOLA PUBLIC SCHOOLS",,4,4,1,"FOR THE PROPOSITION - YES",,4,71,331,406,,
11/5/2024,"INDIANOLA PUBLIC SCHOOLS INDEPENDENT SCHOOL DISTRICT NO. 025",56101,"PROPOSITION  INDIANOLA PUBLIC SCHOOLS",,4,4,2,"AGAINST THE PROPOSITION - NO",,3,54,319,376,,
11/5/2024,"CEDAR COUNTRY FIRE PROTECTION",60141,"FOR BOARD MEMBER MEMBER OF THE BOARD OF DIRECTORS  CEDAR COUNTRY FIRE PROTECTION",,4,4,1,"MATT ACHEMIRE",,17,57,239,313,,
11/5/2024,"CEDAR COUNTRY FIRE PROTECTION",60141,"FOR BOARD MEMBER MEMBER OF THE BOARD OF DIRECTORS  CEDAR COUNTRY FIRE PROTECTION",,4,4,2,"TOM McCRACKEN",,26,146,571,743,,
11/5/2024,"DELAWARE COUNTY (CLEORA)",60211,"PROPOSITION  DELAWARE COUNTY (CLEORA)",,1,1,1,"FOR THE PROPOSITION - YES",,7,44,207,258,,
11/5/2024,"DELAWARE COUNTY (CLEORA)",60211,"PROPOSITION  DELAWARE COUNTY (CLEORA)",,1,1,2,"AGAINST THE PROPOSITION - NO",,1,12,47,60,,
11/5/2024,"WOODCREST R.F.P.D.",60421,"PROPOSITION  WOODCREST R.F.P.D.",,4,4,1,"FOR THE PROPOSITION - YES",,232,677,1388,2297,,
11/5/2024,"WOODCREST R.F.P.D.",60421,"PROPOSITION  WOODCREST R.F.P.D.",,4,4,2,"AGAINST THE PROPOSITION - NO",,59,356,925,1340,,
11/5/2024,"FOYIL FIRE",60661,"FOR BOARD MEMBER MEMBER OF THE BOARD OF DIRECTORS  FOYIL FIRE",,3,3,1,"PERRY ATCHLEY",,53,238,1068,1359,,
11/5/2024,"FOYIL FIRE",60661,"FOR BOARD MEMBER MEMBER OF THE BOARD OF DIRECTORS  FOYIL FIRE",,3,3,2,"DENNY GRIGG",,19,163,540,722,,
11/5/2024,"VERDIGRIS FIRE",60662,"FOR BOARD MEMBER MEMBER OF THE BOARD OF DIRECTORS  VERDIGRIS FIRE",,4,4,1,"BRUCE COON",,60,421,957,1438,,
11/5/2024,"VERDIGRIS FIRE",60662,"FOR BOARD MEMBER MEMBER OF THE BOARD OF DIRECTORS  VERDIGRIS FIRE",,4,4,2,"MIKE L. MILLER",,102,659,1749,2510,,
11/5/2024,"BERRYHILL FIRE PROTECTION",60721,"PROPOSITION NO. 1  BERRYHILL FIRE PROTECTION",,4,4,1,"FOR THE PROPOSITION - YES",,40,3,824,867,,
11/5/2024,"BERRYHILL FIRE PROTECTION",60721,"PROPOSITION NO. 1  BERRYHILL FIRE PROTECTION",,4,4,2,"AGAINST THE PROPOSITION - NO",,22,6,539,567,,
11/5/2024,"BERRYHILL FIRE PROTECTION",60722,"PROPOSITION NO. 2  BERRYHILL FIRE PROTECTION",,4,4,1,"FOR THE PROPOSITION - YES",,48,3,865,916,,
11/5/2024,"BERRYHILL FIRE PROTECTION",60722,"PROPOSITION NO. 2  BERRYHILL FIRE PROTECTION",,4,4,2,"AGAINST THE PROPOSITION - NO",,14,6,494,514,,
11/5/2024,"WHITEHORN COVE FIRE",60731,"FOR BOARD MEMBER MEMBER OF THE BOARD OF DIRECTORS  WHITEHORN COVE FIRE",,3,3,1,"CRAIG MINTON",,5,84,261,350,,
11/5/2024,"WHITEHORN COVE FIRE",60731,"FOR BOARD MEMBER MEMBER OF THE BOARD OF DIRECTORS  WHITEHORN COVE FIRE",,3,3,2,"JOSHUA CUPPS",,8,101,417,526,,
11/5/2024,"WHITEHORN COVE FIRE",60732,"FOR BOARD MEMBER MEMBER OF THE BOARD OF DIRECTORS (UNEXPIRED TERM)  WHITEHORN COVE FIRE",,3,3,1,"JAY STAMPS",,9,90,388,487,,
11/5/2024,"WHITEHORN COVE FIRE",60732,"FOR BOARD MEMBER MEMBER OF THE BOARD OF DIRECTORS (UNEXPIRED TERM)  WHITEHORN COVE FIRE",,3,3,2,"ONIE WELSH",,7,96,300,403,,
11/5/2024,"WHITEHORN COVE FIRE",60733,"FOR BOARD MEMBER MEMBER OF THE BOARD OF DIRECTORS (UNEXPIRED TERM)  WHITEHORN COVE FIRE",,3,3,1,"CASEY GOLDEN",,8,110,363,481,,
11/5/2024,"WHITEHORN COVE FIRE",60733,"FOR BOARD MEMBER MEMBER OF THE BOARD OF DIRECTORS (UNEXPIRED TERM)  WHITEHORN COVE FIRE",,3,3,2,"CARRIE HENSON",,7,67,302,376,,
11/5/2024,"WHITEHORN COVE FIRE",60734,"FOR BOARD MEMBER MEMBER OF THE BOARD OF DIRECTORS (UNEXPIRED TERM)  WHITEHORN COVE FIRE",,3,3,1,"GARY ANDREWS",,11,113,395,519,,
11/5/2024,"WHITEHORN COVE FIRE",60734,"FOR BOARD MEMBER MEMBER OF THE BOARD OF DIRECTORS (UNEXPIRED TERM)  WHITEHORN COVE FIRE",,3,3,2,"KIMBERELY ROBERTS",,4,64,269,337,,
