"line number","contest name","choice name","party name","total votes","percent of votes","registered voters","ballots cast","num Precinct total","num Precinct rptg","over votes","under votes"
1,"President and Vice President (Vote For 1)","CON Randall A Terry/Stephen E Broden","CON",5352,0.21,3343423,2566404,46,46,"0","0"
2,"President and Vice President (Vote For 1)","UNC Cornel West/Melina Abdulla","UNC",6744,0.26,3343423,2566404,46,46,"0","0"
3,"President and Vice President (Vote For 1)","GRN Jill Stein/Rudolph Butch Ware","GRN",8117,0.32,3343423,2566404,46,46,"0","0"
4,"President and Vice President (Vote For 1)","REP Donald J Trump/JD Vance","REP",1483747,58.23,3343423,2566404,46,46,"0","0"
5,"President and Vice President (Vote For 1)","LIB Chase Oliver/Mike ter Maat","LIB",12669,0.50,3343423,2566404,46,46,"0","0"
6,"President and Vice President (Vote For 1)","DEM Kamala D Harris/Tim Walz","DEM",1028452,40.36,3343423,2566404,46,46,"0","0"
7,"President and Vice President (Vote For 1)","WRK Claudia De La Cruz/Karina Garcia","WRK",3059,0.12,3343423,2566404,46,46,"0","0"
8,"U.S.  House of Representatives, District  1 (Vote For 1)","REP Nancy Mace","REP",227502,58.22,708277,407202,6,6,"0","0"
9,"U.S.  House of Representatives, District  1 (Vote For 1)","DEM Michael B Moore","DEM",162582,41.60,708277,407202,6,6,"0","0"
10,"U.S.  House of Representatives, District  1 (Vote For 1)","Write-In","NON",693,0.18,708277,407202,6,6,"0","0"
11,"U.S.  House of Representatives, District  2 (Vote For 1)","REP Joe Wilson","REP",211514,59.53,624683,371483,5,5,"0","0"
12,"U.S.  House of Representatives, District  2 (Vote For 1)","DEM David Robinson II","DEM",142985,40.25,624683,371483,5,5,"0","0"
13,"U.S.  House of Representatives, District  2 (Vote For 1)","Write-In","NON",786,0.22,624683,371483,5,5,"0","0"
14,"U.S.  House of Representatives, District  3 (Vote For 1)","REP Sheri Biggs","REP",248451,71.66,754408,359976,11,11,"0","0"
15,"U.S.  House of Representatives, District  3 (Vote For 1)","ALN Mike Bedenbaugh","ALN",9918,2.86,754408,359976,11,11,"0","0"
16,"U.S.  House of Representatives, District  3 (Vote For 1)","DEM Bryon L Best","DEM",87735,25.30,754408,359976,11,11,"0","0"
17,"U.S.  House of Representatives, District  3 (Vote For 1)","Write-In","NON",609,0.18,754408,359976,11,11,"0","0"
18,"U.S.  House of Representatives, District  4 (Vote For 1)","CON Mark Hackett","CON",9779,2.82,548283,359976,2,2,"0","0"
19,"U.S.  House of Representatives, District  4 (Vote For 1)","REP William Timmons","REP",206916,59.73,548283,359976,2,2,"0","0"
20,"U.S.  House of Representatives, District  4 (Vote For 1)","DEM Kathryn Harvey","DEM",128976,37.23,548283,359976,2,2,"0","0"
21,"U.S.  House of Representatives, District  4 (Vote For 1)","Write-In","NON",743,0.21,548283,359976,2,2,"0","0"
22,"U.S.  House of Representatives, District  5 (Vote For 1)","REP Ralph W Norman","REP",228260,63.51,664390,376871,10,10,"0","0"
23,"U.S.  House of Representatives, District  5 (Vote For 1)","DEM Evangeline Hundley","DEM",130592,36.34,664390,376871,10,10,"0","0"
24,"U.S.  House of Representatives, District  5 (Vote For 1)","Write-In","NON",557,0.15,664390,376871,10,10,"0","0"
25,"U.S.  House of Representatives, District  6 (Vote For 1)","UNC Gregg Marcel Dixon","UNC",4927,1.61,950063,324717,14,14,"0","0"
26,"U.S.  House of Representatives, District  6 (Vote For 1)","REP Duke Buckner","REP",112360,36.72,950063,324717,14,14,"0","0"
27,"U.S.  House of Representatives, District  6 (Vote For 1)","ALN Joseph Oddo","ALN",1056,0.35,950063,324717,14,14,"0","0"
28,"U.S.  House of Representatives, District  6 (Vote For 1)","LIB Michael Simpson","LIB",5279,1.73,950063,324717,14,14,"0","0"
29,"U.S.  House of Representatives, District  6 (Vote For 1)","DEM James E Jim Clyburn","DEM",182056,59.50,950063,324717,14,14,"0","0"
30,"U.S.  House of Representatives, District  6 (Vote For 1)","Write-In","NON",299,0.10,950063,324717,14,14,"0","0"
31,"U.S.  House of Representatives, District  7 (Vote For 1)","REP Russell Fry","REP",240326,64.90,516967,387593,8,8,"0","0"
32,"U.S.  House of Representatives, District  7 (Vote For 1)","DEM Mal Hyman","DEM",129522,34.97,516967,387593,8,8,"0","0"
33,"U.S.  House of Representatives, District  7 (Vote For 1)","Write-In","NON",481,0.13,516967,387593,8,8,"0","0"
34,"State  Senate, District  1 (Vote For 1)","REP Thomas C Alexander","REP",41348,98.91,129749,51130,2,2,"0","0"
35,"State  Senate, District  1 (Vote For 1)","Write-In","NON",455,1.09,129749,51130,2,2,"0","0"
36,"State  Senate, District  2 (Vote For 1)","REP Rex F Rice","REP",47204,98.89,417763,59135,2,2,"0","0"
37,"State  Senate, District  2 (Vote For 1)","Write-In","NON",530,1.11,417763,59135,2,2,"0","0"
38,"State  Senate, District  3 (Vote For 1)","REP Richard Cash","REP",46333,75.41,125731,63672,1,1,"0","0"
39,"State  Senate, District  3 (Vote For 1)","DEM Jessicka Spearman","DEM",15047,24.49,125731,63672,1,1,"0","0"
40,"State  Senate, District  3 (Vote For 1)","Write-In","NON",62,0.10,125731,63672,1,1,"0","0"
41,"State  Senate, District  4 (Vote For 1)","REP Mike Gambrell","REP",37010,99.25,141652,47567,2,2,"0","0"
42,"State  Senate, District  4 (Vote For 1)","Write-In","NON",280,0.75,141652,47567,2,2,"0","0"
43,"State  Senate, District  5 (Vote For 1)","REP Tom Corbin","REP",49132,98.89,548283,61861,2,2,"0","0"
44,"State  Senate, District  5 (Vote For 1)","Write-In","NON",549,1.11,548283,61861,2,2,"0","0"
45,"State  Senate, District  6 (Vote For 1)","REP Jason Elliott","REP",40759,97.55,341455,57687,1,1,"0","0"
46,"State  Senate, District  6 (Vote For 1)","Write-In","NON",1025,2.45,341455,57687,1,1,"0","0"
47,"State  Senate, District  7 (Vote For 1)","DEM Karl B Allen","DEM",29967,97.07,341455,51089,1,1,"0","0"
48,"State  Senate, District  7 (Vote For 1)","Write-In","NON",906,2.93,341455,51089,1,1,"0","0"
49,"State  Senate, District  8 (Vote For 1)","REP Ross Turner","REP",39251,62.98,341455,65096,1,1,"0","0"
50,"State  Senate, District  8 (Vote For 1)","DEM Taylor Culliver","DEM",23011,36.92,341455,65096,1,1,"0","0"
51,"State  Senate, District  8 (Vote For 1)","Write-In","NON",64,0.10,341455,65096,1,1,"0","0"
52,"State  Senate, District  9 (Vote For 1)","REP Danny Verdin","REP",38275,70.24,397266,60166,3,3,"0","0"
53,"State  Senate, District  9 (Vote For 1)","DEM C Randy Driggers","DEM",16151,29.64,397266,60166,3,3,"0","0"
54,"State  Senate, District  9 (Vote For 1)","Write-In","NON",62,0.11,397266,60166,3,3,"0","0"
55,"State  Senate, District  10 (Vote For 1)","REP Billy Garrett","REP",38994,69.09,242992,61289,3,3,"0","0"
56,"State  Senate, District  10 (Vote For 1)","DEM Francie Kleckley","DEM",17349,30.74,242992,61289,3,3,"0","0"
57,"State  Senate, District  10 (Vote For 1)","Write-In","NON",99,0.18,242992,61289,3,3,"0","0"
58,"State  Senate, District  11 (Vote For 1)","REP Josh Kimbrell","REP",30362,65.25,206828,48324,1,1,"0","0"
59,"State  Senate, District  11 (Vote For 1)","DEM Angela L Geter","DEM",16118,34.64,206828,48324,1,1,"0","0"
60,"State  Senate, District  11 (Vote For 1)","Write-In","NON",51,0.11,206828,48324,1,1,"0","0"
61,"State  Senate, District  12 (Vote For 1)","REP Roger Allen Nutt","REP",36715,64.04,548283,60926,2,2,"0","0"
62,"State  Senate, District  12 (Vote For 1)","DEM Octavia Amaechi","DEM",20545,35.84,548283,60926,2,2,"0","0"
63,"State  Senate, District  12 (Vote For 1)","Write-In","NON",70,0.12,548283,60926,2,2,"0","0"
64,"State  Senate, District  13 (Vote For 1)","REP Shane Martin","REP",44583,98.42,564258,60859,3,3,"0","0"
65,"State  Senate, District  13 (Vote For 1)","Write-In","NON",714,1.58,564258,60859,3,3,"0","0"
66,"State  Senate, District  14 (Vote For 1)","REP Harvey Peeler","REP",43933,99.09,446703,54473,4,4,"0","0"
67,"State  Senate, District  14 (Vote For 1)","Write-In","NON",402,0.91,446703,54473,4,4,"0","0"
68,"State  Senate, District  15 (Vote For 1)","REP Wes Climer","REP",41008,76.05,190236,63988,1,1,"0","0"
69,"State  Senate, District  15 (Vote For 1)","ALN Sarah Work","ALN",12669,23.49,190236,63988,1,1,"0","0"
70,"State  Senate, District  15 (Vote For 1)","Write-In","NON",246,0.46,190236,63988,1,1,"0","0"
71,"State  Senate, District  16 (Vote For 1)","REP Michael Johnson","REP",45672,78.78,259031,70211,2,2,"0","0"
72,"State  Senate, District  16 (Vote For 1)","WRK Kiral Mace","WRK",12007,20.71,259031,70211,2,2,"0","0"
73,"State  Senate, District  16 (Vote For 1)","Write-In","NON",298,0.51,259031,70211,2,2,"0","0"
74,"State  Senate, District  17 (Vote For 1)","REP Everett Stubbs","REP",27953,49.98,294611,58304,4,4,"0","0"
75,"State  Senate, District  17 (Vote For 1)","DEM Mike Fanning","DEM",27924,49.93,294611,58304,4,4,"0","0"
76,"State  Senate, District  17 (Vote For 1)","Write-In","NON",54,0.10,294611,58304,4,4,"0","0"
77,"State  Senate, District  18 (Vote For 1)","REP Ronnie Cromer","REP",51289,98.60,474384,67819,3,3,"0","0"
78,"State  Senate, District  18 (Vote For 1)","Write-In","NON",726,1.40,474384,67819,3,3,"0","0"
79,"State  Senate, District  19 (Vote For 1)","UNC Chris Nelums","UNC",4779,12.38,260895,43533,1,1,"0","0"
80,"State  Senate, District  19 (Vote For 1)","DEM Tameika Isaac Devine","DEM",33703,87.27,260895,43533,1,1,"0","0"
81,"State  Senate, District  19 (Vote For 1)","Write-In","NON",136,0.35,260895,43533,1,1,"0","0"
82,"State  Senate, District  20 (Vote For 1)","LIB Kendal Ludden","LIB",11165,26.09,268597,55878,1,1,"0","0"
83,"State  Senate, District  20 (Vote For 1)","DEM Ed Sutton","DEM",31418,73.42,268597,55878,1,1,"0","0"
84,"State  Senate, District  20 (Vote For 1)","Write-In","NON",209,0.49,268597,55878,1,1,"0","0"
85,"State  Senate, District  21 (Vote For 1)","DEM Darrell Jackson","DEM",36370,98.54,260895,46076,1,1,"0","0"
86,"State  Senate, District  21 (Vote For 1)","Write-In","NON",540,1.46,260895,46076,1,1,"0","0"
87,"State  Senate, District  22 (Vote For 1)","DEM Overture Walker","DEM",41207,98.54,260895,56520,1,1,"0","0"
88,"State  Senate, District  22 (Vote For 1)","Write-In","NON",609,1.46,260895,56520,1,1,"0","0"
89,"State  Senate, District  23 (Vote For 1)","REP Carlisle Kennedy","REP",41467,97.92,190088,53499,1,1,"0","0"
90,"State  Senate, District  23 (Vote For 1)","Write-In","NON",879,2.08,190088,53499,1,1,"0","0"
91,"State  Senate, District  24 (Vote For 1)","REP Tom Young","REP",38470,67.01,113203,58954,1,1,"0","0"
92,"State  Senate, District  24 (Vote For 1)","DEM Dee Elder","DEM",18909,32.94,113203,58954,1,1,"0","0"
93,"State  Senate, District  24 (Vote For 1)","Write-In","NON",30,0.05,113203,58954,1,1,"0","0"
94,"State  Senate, District  25 (Vote For 1)","REP Shane Massey","REP",43300,98.99,340468,61982,5,5,"0","0"
95,"State  Senate, District  25 (Vote For 1)","Write-In","NON",441,1.01,340468,61982,5,5,"0","0"
96,"State  Senate, District  26 (Vote For 1)","REP Jason Guerry","REP",18104,45.02,461079,42685,3,3,"0","0"
97,"State  Senate, District  26 (Vote For 1)","DEM Russell Ott","DEM",22049,54.83,461079,42685,3,3,"0","0"
98,"State  Senate, District  26 (Vote For 1)","Write-In","NON",62,0.15,461079,42685,3,3,"0","0"
99,"State  Senate, District  27 (Vote For 1)","REP Allen Blackmon","REP",37693,70.16,136782,55515,3,3,"0","0"
100,"State  Senate, District  27 (Vote For 1)","DEM Yokima Cureton","DEM",15976,29.74,136782,55515,3,3,"0","0"
101,"State  Senate, District  27 (Vote For 1)","Write-In","NON",57,0.11,136782,55515,3,3,"0","0"
102,"State  Senate, District  28 (Vote For 1)","REP Greg Hembree","REP",56477,99.13,267402,72417,1,1,"0","0"
103,"State  Senate, District  28 (Vote For 1)","Write-In","NON",498,0.87,267402,72417,1,1,"0","0"
104,"State  Senate, District  29 (Vote For 1)","REP JD Chaplin","REP",24978,50.23,152905,50953,5,5,"0","0"
105,"State  Senate, District  29 (Vote For 1)","DEM Gerald Malloy","DEM",24700,49.67,152905,50953,5,5,"0","0"
106,"State  Senate, District  29 (Vote For 1)","Write-In","NON",51,0.10,152905,50953,5,5,"0","0"
107,"State  Senate, District  30 (Vote For 1)","REP Rodney Berry","REP",21024,45.21,428834,48122,5,5,"0","0"
108,"State  Senate, District  30 (Vote For 1)","DEM Kent M Williams","DEM",25430,54.68,428834,48122,5,5,"0","0"
109,"State  Senate, District  30 (Vote For 1)","Write-In","NON",54,0.12,428834,48122,5,5,"0","0"
110,"State  Senate, District  31 (Vote For 1)","REP Mike Reichenbach","REP",32528,65.96,83778,50254,1,1,"0","0"
111,"State  Senate, District  31 (Vote For 1)","DEM Belinda Timmons","DEM",16757,33.98,83778,50254,1,1,"0","0"
112,"State  Senate, District  31 (Vote For 1)","Write-In","NON",31,0.06,83778,50254,1,1,"0","0"
113,"State  Senate, District  32 (Vote For 1)","DEM Ronnie A Sabb","DEM",31477,98.22,832305,51973,6,6,"0","0"
114,"State  Senate, District  32 (Vote For 1)","Write-In","NON",571,1.78,832305,51973,6,6,"0","0"
115,"State  Senate, District  33 (Vote For 1)","REP Luke A Rankin","REP",39618,68.46,267402,60330,1,1,"0","0"
116,"State  Senate, District  33 (Vote For 1)","DEM Pete John Bember","DEM",18130,31.33,267402,60330,1,1,"0","0"
117,"State  Senate, District  33 (Vote For 1)","Write-In","NON",124,0.21,267402,60330,1,1,"0","0"
118,"State  Senate, District  34 (Vote For 1)","REP Stephen Goldfinch","REP",56987,98.99,314447,75132,2,2,"0","0"
119,"State  Senate, District  34 (Vote For 1)","Write-In","NON",581,1.01,314447,75132,2,2,"0","0"
120,"State  Senate, District  35 (Vote For 1)","REP Mike Jones","REP",23095,47.66,374207,51209,4,4,"0","0"
121,"State  Senate, District  35 (Vote For 1)","DEM Jeffrey R Graham","DEM",25284,52.18,374207,51209,4,4,"0","0"
122,"State  Senate, District  35 (Vote For 1)","Write-In","NON",77,0.16,374207,51209,4,4,"0","0"
123,"State  Senate, District  36 (Vote For 1)","REP Jeff Zell","REP",25609,50.60,140628,52398,4,4,"0","0"
124,"State  Senate, District  36 (Vote For 1)","DEM Kevin L Johnson","DEM",24943,49.28,140628,52398,4,4,"0","0"
125,"State  Senate, District  36 (Vote For 1)","Write-In","NON",61,0.12,140628,52398,4,4,"0","0"
126,"State  Senate, District  37 (Vote For 1)","REP Larry Grooms","REP",40361,98.22,414828,57086,2,2,"0","0"
127,"State  Senate, District  37 (Vote For 1)","Write-In","NON",731,1.78,414828,57086,2,2,"0","0"
128,"State  Senate, District  38 (Vote For 1)","REP Sean Bennett","REP",35738,98.20,373639,51958,2,2,"0","0"
129,"State  Senate, District  38 (Vote For 1)","Write-In","NON",655,1.80,373639,51958,2,2,"0","0"
130,"State  Senate, District  39 (Vote For 1)","REP Tom Fernandez","REP",26740,50.95,298871,54126,3,3,"0","0"
131,"State  Senate, District  39 (Vote For 1)","DEM Vernon Stephens","DEM",25619,48.81,298871,54126,3,3,"0","0"
132,"State  Senate, District  39 (Vote For 1)","Write-In","NON",124,0.24,298871,54126,3,3,"0","0"
133,"State  Senate, District  40 (Vote For 1)","REP Sharon Carter","REP",22243,47.38,210834,48462,6,6,"0","0"
134,"State  Senate, District  40 (Vote For 1)","DEM Brad Hutto","DEM",24667,52.54,210834,48462,6,6,"0","0"
135,"State  Senate, District  40 (Vote For 1)","Write-In","NON",40,0.09,210834,48462,6,6,"0","0"
136,"State  Senate, District  41 (Vote For 1)","REP Matt Leber","REP",32715,57.37,398275,59294,3,3,"0","0"
137,"State  Senate, District  41 (Vote For 1)","DEM Rita Adkins","DEM",24195,42.43,398275,59294,3,3,"0","0"
138,"State  Senate, District  41 (Vote For 1)","Write-In","NON",116,0.20,398275,59294,3,3,"0","0"
139,"State  Senate, District  42 (Vote For 1)","DEM Deon Tedder","DEM",26088,98.20,373639,35788,2,2,"0","0"
140,"State  Senate, District  42 (Vote For 1)","Write-In","NON",477,1.80,373639,35788,2,2,"0","0"
141,"State  Senate, District  43 (Vote For 1)","REP Chip Campsen","REP",41996,61.09,433454,72217,3,3,"0","0"
142,"State  Senate, District  43 (Vote For 1)","DEM Julie Cofer Hussey","DEM",26697,38.84,433454,72217,3,3,"0","0"
143,"State  Senate, District  43 (Vote For 1)","Write-In","NON",51,0.07,433454,72217,3,3,"0","0"
144,"State  Senate, District  44 (Vote For 1)","REP Brian Adams","REP",30044,60.50,414828,51831,2,2,"0","0"
145,"State  Senate, District  44 (Vote For 1)","DEM Vicky Wynn","DEM",19566,39.40,414828,51831,2,2,"0","0"
146,"State  Senate, District  44 (Vote For 1)","Write-In","NON",49,0.10,414828,51831,2,2,"0","0"
147,"State  Senate, District  45 (Vote For 1)","DEM Margie Bright Matthews","DEM",31710,97.70,472778,53657,6,6,"0","0"
148,"State  Senate, District  45 (Vote For 1)","Write-In","NON",746,2.30,472778,53657,6,6,"0","0"
149,"State  Senate, District  46 (Vote For 1)","REP Tom Davis","REP",47989,67.30,163771,73431,2,2,"0","0"
150,"State  Senate, District  46 (Vote For 1)","DEM Gwyneth J Saunders","DEM",23280,32.65,163771,73431,2,2,"0","0"
151,"State  Senate, District  46 (Vote For 1)","Write-In","NON",37,0.05,163771,73431,2,2,"0","0"
152,"State  House of Representatives, District  1 (Vote For 1)","REP Bill Whitmire","REP",20495,99.13,129749,26982,2,2,"0","0"
153,"State  House of Representatives, District  1 (Vote For 1)","Write-In","NON",179,0.87,129749,26982,2,2,"0","0"
154,"State  House of Representatives, District  2 (Vote For 1)","REP Adam Duncan","REP",16639,95.87,53441,21579,1,1,"0","0"
155,"State  House of Representatives, District  2 (Vote For 1)","Write-In","NON",717,4.13,53441,21579,1,1,"0","0"
156,"State  House of Representatives, District  3 (Vote For 1)","REP Phillip Bowers","REP",8281,64.28,76308,14914,1,1,"0","0"
157,"State  House of Representatives, District  3 (Vote For 1)","DEM Eunice Lehmacher","DEM",4587,35.61,76308,14914,1,1,"0","0"
158,"State  House of Representatives, District  3 (Vote For 1)","Write-In","NON",15,0.12,76308,14914,1,1,"0","0"
159,"State  House of Representatives, District  4 (Vote For 1)","REP Davey Hiott","REP",19241,98.98,76308,26231,1,1,"0","0"
160,"State  House of Representatives, District  4 (Vote For 1)","Write-In","NON",198,1.02,76308,26231,1,1,"0","0"
161,"State  House of Representatives, District  5 (Vote For 1)","REP Neal Collins","REP",17029,98.24,417763,25024,2,2,"0","0"
162,"State  House of Representatives, District  5 (Vote For 1)","Write-In","NON",305,1.76,417763,25024,2,2,"0","0"
163,"State  House of Representatives, District  6 (Vote For 1)","REP April Cromer","REP",16324,74.33,125731,24923,1,1,"0","0"
164,"State  House of Representatives, District  6 (Vote For 1)","DEM Tony Wagoner","DEM",5580,25.41,125731,24923,1,1,"0","0"
165,"State  House of Representatives, District  6 (Vote For 1)","Write-In","NON",57,0.26,125731,24923,1,1,"0","0"
166,"State  House of Representatives, District  7 (Vote For 1)","REP Lee Gilreath","REP",13699,90.60,483107,23737,3,3,"0","0"
167,"State  House of Representatives, District  7 (Vote For 1)","LIB Hunter Savirino","LIB",1368,9.05,483107,23737,3,3,"0","0"
168,"State  House of Representatives, District  7 (Vote For 1)","Write-In","NON",54,0.36,483107,23737,3,3,"0","0"
169,"State  House of Representatives, District  8 (Vote For 1)","REP Don Chapman","REP",14314,86.90,125731,24726,1,1,"0","0"
170,"State  House of Representatives, District  8 (Vote For 1)","ALN Jackie Todd","ALN",2090,12.69,125731,24726,1,1,"0","0"
171,"State  House of Representatives, District  8 (Vote For 1)","Write-In","NON",67,0.41,125731,24726,1,1,"0","0"
172,"State  House of Representatives, District  9 (Vote For 1)","REP Blake Sanders","REP",14840,98.68,125731,24244,1,1,"0","0"
173,"State  House of Representatives, District  9 (Vote For 1)","Write-In","NON",199,1.32,125731,24244,1,1,"0","0"
174,"State  House of Representatives, District  10 (Vote For 1)","REP Thomas Beach","REP",16218,98.58,543494,29579,3,3,"0","0"
175,"State  House of Representatives, District  10 (Vote For 1)","Write-In","NON",234,1.42,543494,29579,3,3,"0","0"
176,"State  House of Representatives, District  11 (Vote For 1)","REP Craig Gagnon","REP",14815,99.48,181488,20105,3,3,"0","0"
177,"State  House of Representatives, District  11 (Vote For 1)","Write-In","NON",78,0.52,181488,20105,3,3,"0","0"
178,"State  House of Representatives, District  12 (Vote For 1)","REP Daniel Gibson","REP",8251,52.26,48759,18751,2,2,"0","0"
179,"State  House of Representatives, District  12 (Vote For 1)","DEM Jumelle Brooks","DEM",7527,47.68,48759,18751,2,2,"0","0"
180,"State  House of Representatives, District  12 (Vote For 1)","Write-In","NON",9,0.06,48759,18751,2,2,"0","0"
181,"State  House of Representatives, District  13 (Vote For 1)","REP John McCravy","REP",15880,74.75,80974,22926,2,2,"0","0"
182,"State  House of Representatives, District  13 (Vote For 1)","DEM Bill Kimler","DEM",5346,25.17,80974,22926,2,2,"0","0"
183,"State  House of Representatives, District  13 (Vote For 1)","Write-In","NON",17,0.08,80974,22926,2,2,"0","0"
184,"State  House of Representatives, District  14 (Vote For 1)","REP Luke Rankin","REP",13875,96.86,39836,23118,1,1,"0","0"
185,"State  House of Representatives, District  14 (Vote For 1)","Write-In","NON",450,3.14,39836,23118,1,1,"0","0"
186,"State  House of Representatives, District  15 (Vote For 1)","REP Carlton Walker","REP",5284,44.14,414828,15789,2,2,"0","0"
187,"State  House of Representatives, District  15 (Vote For 1)","DEM JA Moore","DEM",6667,55.69,414828,15789,2,2,"0","0"
188,"State  House of Representatives, District  15 (Vote For 1)","Write-In","NON",20,0.17,414828,15789,2,2,"0","0"
189,"State  House of Representatives, District  16 (Vote For 1)","REP Mark N Willis","REP",17423,98.70,381291,30514,2,2,"0","0"
190,"State  House of Representatives, District  16 (Vote For 1)","Write-In","NON",230,1.30,381291,30514,2,2,"0","0"
191,"State  House of Representatives, District  17 (Vote For 1)","REP Mike Burns","REP",20070,99.06,341455,30122,1,1,"0","0"
192,"State  House of Representatives, District  17 (Vote For 1)","Write-In","NON",190,0.94,341455,30122,1,1,"0","0"
193,"State  House of Representatives, District  18 (Vote For 1)","REP Alan Morgan","REP",18376,98.91,341455,28411,1,1,"0","0"
194,"State  House of Representatives, District  18 (Vote For 1)","Write-In","NON",203,1.09,341455,28411,1,1,"0","0"
195,"State  House of Representatives, District  19 (Vote For 1)","REP Patrick Haddon","REP",11663,98.02,341455,23552,1,1,"0","0"
196,"State  House of Representatives, District  19 (Vote For 1)","Write-In","NON",235,1.98,341455,23552,1,1,"0","0"
197,"State  House of Representatives, District  20 (Vote For 1)","REP Stephen Frank","REP",13444,68.13,341455,29973,1,1,"0","0"
198,"State  House of Representatives, District  20 (Vote For 1)","DEM Stephen Dreyfus","DEM",6248,31.66,341455,29973,1,1,"0","0"
199,"State  House of Representatives, District  20 (Vote For 1)","Write-In","NON",40,0.20,341455,29973,1,1,"0","0"
200,"State  House of Representatives, District  21 (Vote For 1)","REP Bobby J Cox","REP",18184,98.28,341455,29805,1,1,"0","0"
201,"State  House of Representatives, District  21 (Vote For 1)","Write-In","NON",319,1.72,341455,29805,1,1,"0","0"
202,"State  House of Representatives, District  22 (Vote For 1)","REP Paul Wickensimer","REP",13243,59.99,341455,30995,1,1,"0","0"
203,"State  House of Representatives, District  22 (Vote For 1)","DEM Brann Fowler","DEM",8794,39.84,341455,30995,1,1,"0","0"
204,"State  House of Representatives, District  22 (Vote For 1)","Write-In","NON",39,0.18,341455,30995,1,1,"0","0"
205,"State  House of Representatives, District  23 (Vote For 1)","LIB James Archibald Atkins Jr","LIB",2168,19.55,341455,32674,1,1,"0","0"
206,"State  House of Representatives, District  23 (Vote For 1)","DEM Chandra Dillard","DEM",8868,79.97,341455,32674,1,1,"0","0"
207,"State  House of Representatives, District  23 (Vote For 1)","Write-In","NON",53,0.48,341455,32674,1,1,"0","0"
208,"State  House of Representatives, District  24 (Vote For 1)","REP Bruce Bannister","REP",14021,60.37,341455,35783,1,1,"0","0"
209,"State  House of Representatives, District  24 (Vote For 1)","DEM Shauna R Johnson","DEM",9171,39.48,341455,35783,1,1,"0","0"
210,"State  House of Representatives, District  24 (Vote For 1)","Write-In","NON",35,0.15,341455,35783,1,1,"0","0"
211,"State  House of Representatives, District  25 (Vote For 1)","REP Tim Kennedy","REP",5694,37.16,341455,26344,1,1,"0","0"
212,"State  House of Representatives, District  25 (Vote For 1)","DEM Wendell Jones","DEM",9608,62.71,341455,26344,1,1,"0","0"
213,"State  House of Representatives, District  25 (Vote For 1)","Write-In","NON",19,0.12,341455,26344,1,1,"0","0"
214,"State  House of Representatives, District  26 (Vote For 1)","REP David Martin","REP",14358,62.56,190236,24214,1,1,"0","0"
215,"State  House of Representatives, District  26 (Vote For 1)","DEM Matt Vilardebo","DEM",8528,37.16,190236,24214,1,1,"0","0"
216,"State  House of Representatives, District  26 (Vote For 1)","Write-In","NON",66,0.29,190236,24214,1,1,"0","0"
217,"State  House of Representatives, District  27 (Vote For 1)","REP David Vaughan","REP",13330,60.02,341455,31573,1,1,"0","0"
218,"State  House of Representatives, District  27 (Vote For 1)","DEM John MacCarthy","DEM",8869,39.93,341455,31573,1,1,"0","0"
219,"State  House of Representatives, District  27 (Vote For 1)","Write-In","NON",12,0.05,341455,31573,1,1,"0","0"
220,"State  House of Representatives, District  28 (Vote For 1)","REP Chris Huff","REP",15095,64.86,341455,32922,1,1,"0","0"
221,"State  House of Representatives, District  28 (Vote For 1)","DEM J Fritz Wiebel","DEM",8145,35.00,341455,32922,1,1,"0","0"
222,"State  House of Representatives, District  28 (Vote For 1)","Write-In","NON",33,0.14,341455,32922,1,1,"0","0"
223,"State  House of Representatives, District  29 (Vote For 1)","REP Dennis Moss","REP",16294,99.23,430728,26764,3,3,"0","0"
224,"State  House of Representatives, District  29 (Vote For 1)","Write-In","NON",127,0.77,430728,26764,3,3,"0","0"
225,"State  House of Representatives, District  30 (Vote For 1)","REP Brian Lawson","REP",14196,79.33,240492,20520,2,2,"0","0"
226,"State  House of Representatives, District  30 (Vote For 1)","DEM Ysante McDowell","DEM",3684,20.59,240492,20520,2,2,"0","0"
227,"State  House of Representatives, District  30 (Vote For 1)","Write-In","NON",15,0.08,240492,20520,2,2,"0","0"
228,"State  House of Representatives, District  31 (Vote For 1)","DEM Rosalyn Henderson-Myers","DEM",8730,98.50,206828,18854,1,1,"0","0"
229,"State  House of Representatives, District  31 (Vote For 1)","Write-In","NON",133,1.50,206828,18854,1,1,"0","0"
230,"State  House of Representatives, District  32 (Vote For 1)","REP Scott Montgomery","REP",12786,98.08,206828,23453,1,1,"0","0"
231,"State  House of Representatives, District  32 (Vote For 1)","Write-In","NON",250,1.92,206828,23453,1,1,"0","0"
232,"State  House of Representatives, District  33 (Vote For 1)","REP Travis A Moore","REP",14848,71.86,206828,26616,1,1,"0","0"
233,"State  House of Representatives, District  33 (Vote For 1)","DEM Clemson Turregano","DEM",5770,27.92,206828,26616,1,1,"0","0"
234,"State  House of Representatives, District  33 (Vote For 1)","Write-In","NON",45,0.22,206828,26616,1,1,"0","0"
235,"State  House of Representatives, District  34 (Vote For 1)","REP Sarita Edgerton","REP",16061,98.35,206828,32880,1,1,"0","0"
236,"State  House of Representatives, District  34 (Vote For 1)","Write-In","NON",269,1.65,206828,32880,1,1,"0","0"
237,"State House of Representatives, District 35 (Vote For 1)","REP Bill Chumley","REP",19136,98.05,548283,34870,2,2,"0","0"
238,"State House of Representatives, District 35 (Vote For 1)","Write-In","NON",380,1.95,548283,34870,2,2,"0","0"
239,"State  House of Representatives, District  36 (Vote For 1)","REP Rob Harris","REP",14083,98.25,206828,20328,1,1,"0","0"
240,"State  House of Representatives, District  36 (Vote For 1)","Write-In","NON",251,1.75,206828,20328,1,1,"0","0"
241,"State  House of Representatives, District  37 (Vote For 1)","REP Steven Long","REP",15207,98.40,206828,25824,1,1,"0","0"
242,"State  House of Representatives, District  37 (Vote For 1)","Write-In","NON",248,1.60,206828,25824,1,1,"0","0"
243,"State  House of Representatives, District  38 (Vote For 1)","REP Josiah Magnuson","REP",18163,81.61,206828,28803,1,1,"0","0"
244,"State  House of Representatives, District  38 (Vote For 1)","DEM JR Taylor","DEM",4052,18.21,206828,28803,1,1,"0","0"
245,"State  House of Representatives, District  38 (Vote For 1)","Write-In","NON",40,0.18,206828,28803,1,1,"0","0"
246,"State  House of Representatives, District  39 (Vote For 1)","REP Cal Forrest","REP",17575,99.25,201854,24358,2,2,"0","0"
247,"State  House of Representatives, District  39 (Vote For 1)","Write-In","NON",133,0.75,201854,24358,2,2,"0","0"
248,"State  House of Representatives, District  40 (Vote For 1)","REP Joe White","REP",15082,98.42,213489,23403,2,2,"0","0"
249,"State  House of Representatives, District  40 (Vote For 1)","Write-In","NON",242,1.58,213489,23403,2,2,"0","0"
250,"State  House of Representatives, District  41 (Vote For 1)","DEM Annie E McDaniel","DEM",15172,98.11,296475,25054,3,3,"0","0"
251,"State  House of Representatives, District  41 (Vote For 1)","Write-In","NON",293,1.89,296475,25054,3,3,"0","0"
252,"State  House of Representatives, District  42 (Vote For 1)","REP Doug Gilliam","REP",11278,67.96,55811,19074,2,2,"0","0"
253,"State  House of Representatives, District  42 (Vote For 1)","DEM David Gossett","DEM",5288,31.87,55811,19074,2,2,"0","0"
254,"State  House of Representatives, District  42 (Vote For 1)","Write-In","NON",29,0.17,55811,19074,2,2,"0","0"
255,"State  House of Representatives, District  43 (Vote For 1)","REP Randy Ligon","REP",15937,99.01,209978,27927,2,2,"0","0"
256,"State  House of Representatives, District  43 (Vote For 1)","Write-In","NON",159,0.99,209978,27927,2,2,"0","0"
257,"State  House of Representatives, District  44 (Vote For 1)","REP Mike Neese","REP",16918,60.98,68795,29372,1,1,"0","0"
258,"State  House of Representatives, District  44 (Vote For 1)","DEM Katie Crosby","DEM",10795,38.91,68795,29372,1,1,"0","0"
259,"State  House of Representatives, District  44 (Vote For 1)","Write-In","NON",30,0.11,68795,29372,1,1,"0","0"
260,"State  House of Representatives, District  45 (Vote For 1)","REP Brandon Newton","REP",12284,64.31,110814,22466,2,2,"0","0"
261,"State  House of Representatives, District  45 (Vote For 1)","DEM Nicole Ventour","DEM",6785,35.52,110814,22466,2,2,"0","0"
262,"State  House of Representatives, District  45 (Vote For 1)","Write-In","NON",32,0.17,110814,22466,2,2,"0","0"
263,"State  House of Representatives, District  46 (Vote For 1)","REP Heath Sessions","REP",12293,59.90,190236,30632,1,1,"0","0"
264,"State  House of Representatives, District  46 (Vote For 1)","DEM John Zabel","DEM",8214,40.02,190236,30632,1,1,"0","0"
265,"State  House of Representatives, District  46 (Vote For 1)","Write-In","NON",16,0.08,190236,30632,1,1,"0","0"
266,"State  House of Representatives, District  47 (Vote For 1)","REP Tommy Pope","REP",19625,98.81,190236,31976,1,1,"0","0"
267,"State  House of Representatives, District  47 (Vote For 1)","Write-In","NON",236,1.19,190236,31976,1,1,"0","0"
268,"State  House of Representatives, District  48 (Vote For 1)","REP Brandon Guffey","REP",18609,98.11,190236,29337,1,1,"0","0"
269,"State  House of Representatives, District  48 (Vote For 1)","Write-In","NON",359,1.89,190236,29337,1,1,"0","0"
270,"State  House of Representatives, District  49 (Vote For 1)","DEM John R King","DEM",12546,98.14,190236,30757,1,1,"0","0"
271,"State  House of Representatives, District  49 (Vote For 1)","Write-In","NON",238,1.86,190236,30757,1,1,"0","0"
272,"State  House of Representatives, District  50 (Vote For 1)","DEM Will Wheeler","DEM",13512,98.12,113312,22661,3,3,"0","0"
273,"State  House of Representatives, District  50 (Vote For 1)","Write-In","NON",259,1.88,113312,22661,3,3,"0","0"
274,"State  House of Representatives, District  51 (Vote For 1)","DEM David Weeks","DEM",11824,98.72,61269,16689,1,1,"0","0"
275,"State  House of Representatives, District  51 (Vote For 1)","Write-In","NON",153,1.28,61269,16689,1,1,"0","0"
276,"State  House of Representatives, District  52 (Vote For 1)","DEM Jermaine Johnson","DEM",14205,97.70,302914,27501,2,2,"0","0"
277,"State  House of Representatives, District  52 (Vote For 1)","Write-In","NON",335,2.30,302914,27501,2,2,"0","0"
278,"State  House of Representatives, District  53 (Vote For 1)","REP Richard Richie Yow","REP",13365,73.74,135287,20403,3,3,"0","0"
279,"State  House of Representatives, District  53 (Vote For 1)","DEM Bruce Wallace","DEM",4738,26.14,135287,20403,3,3,"0","0"
280,"State  House of Representatives, District  53 (Vote For 1)","Write-In","NON",22,0.12,135287,20403,3,3,"0","0"
281,"State  House of Representatives, District  54 (Vote For 1)","REP Sterling McDiarmid","REP",7700,47.85,98533,21125,4,4,"0","0"
282,"State  House of Representatives, District  54 (Vote For 1)","DEM Jason Scott Luck","DEM",8371,52.02,98533,21125,4,4,"0","0"
283,"State  House of Representatives, District  54 (Vote For 1)","Write-In","NON",20,0.12,98533,21125,4,4,"0","0"
284,"State  House of Representatives, District  55 (Vote For 1)","DEM Jackie E Hayes","DEM",12488,98.63,383221,22108,4,4,"0","0"
285,"State  House of Representatives, District  55 (Vote For 1)","Write-In","NON",173,1.37,383221,22108,4,4,"0","0"
286,"State  House of Representatives, District  56 (Vote For 1)","REP Tim McGinnis","REP",21060,99.04,267402,34389,1,1,"0","0"
287,"State  House of Representatives, District  56 (Vote For 1)","Write-In","NON",205,0.96,267402,34389,1,1,"0","0"
288,"State  House of Representatives, District  57 (Vote For 1)","REP Kevin Taylor Coleridge","REP",7645,41.12,306863,24565,3,3,"0","0"
289,"State  House of Representatives, District  57 (Vote For 1)","DEM Lucas Atkinson","DEM",10897,58.61,306863,24565,3,3,"0","0"
290,"State  House of Representatives, District  57 (Vote For 1)","Write-In","NON",50,0.27,306863,24565,3,3,"0","0"
291,"State  House of Representatives, District  58 (Vote For 1)","REP Jeff Johnson","REP",16286,99.15,267402,24812,1,1,"0","0"
292,"State  House of Representatives, District  58 (Vote For 1)","Write-In","NON",140,0.85,267402,24812,1,1,"0","0"
293,"State  House of Representatives, District  59 (Vote For 1)","DEM Terry Alexander","DEM",11049,98.24,103987,27164,2,2,"0","0"
294,"State  House of Representatives, District  59 (Vote For 1)","Write-In","NON",198,1.76,103987,27164,2,2,"0","0"
295,"State  House of Representatives, District  60 (Vote For 1)","REP Phillip Lowe","REP",14413,98.92,83778,23118,1,1,"0","0"
296,"State  House of Representatives, District  60 (Vote For 1)","Write-In","NON",157,1.08,83778,23118,1,1,"0","0"
297,"State  House of Representatives, District  61 (Vote For 1)","REP Carla Schuessler","REP",13645,98.78,267402,23852,1,1,"0","0"
298,"State  House of Representatives, District  61 (Vote For 1)","Write-In","NON",168,1.22,267402,23852,1,1,"0","0"
299,"State  House of Representatives, District  62 (Vote For 1)","DEM Robert Williams","DEM",11534,97.77,124302,20631,2,2,"0","0"
300,"State  House of Representatives, District  62 (Vote For 1)","Write-In","NON",263,2.23,124302,20631,2,2,"0","0"
301,"State  House of Representatives, District  63 (Vote For 1)","REP Jay Jordan","REP",12633,66.37,83778,22587,1,1,"0","0"
302,"State  House of Representatives, District  63 (Vote For 1)","DEM Kory Haskins","DEM",6386,33.55,83778,22587,1,1,"0","0"
303,"State  House of Representatives, District  63 (Vote For 1)","Write-In","NON",15,0.08,83778,22587,1,1,"0","0"
304,"State  House of Representatives, District  64 (Vote For 1)","REP Fawn Pedalino","REP",11055,55.76,82934,21395,2,2,"0","0"
305,"State  House of Representatives, District  64 (Vote For 1)","DEM Quadri Bell","DEM",8758,44.18,82934,21395,2,2,"0","0"
306,"State  House of Representatives, District  64 (Vote For 1)","Write-In","NON",12,0.06,82934,21395,2,2,"0","0"
307,"State  House of Representatives, District  65 (Vote For 1)","REP Cody T Mitchell","REP",15665,99.23,177306,20719,4,4,"0","0"
308,"State  House of Representatives, District  65 (Vote For 1)","Write-In","NON",121,0.77,177306,20719,4,4,"0","0"
309,"State  House of Representatives, District  66 (Vote For 1)","REP Jackie Terribile","REP",15552,90.58,190236,24886,1,1,"0","0"
310,"State  House of Representatives, District  66 (Vote For 1)","Write-In","NON",1618,9.42,190236,24886,1,1,"0","0"
311,"State  House of Representatives, District  67 (Vote For 1)","REP Murrell Smith","REP",13683,98.41,61269,19691,1,1,"0","0"
312,"State  House of Representatives, District  67 (Vote For 1)","Write-In","NON",221,1.59,61269,19691,1,1,"0","0"
313,"State  House of Representatives, District  68 (Vote For 1)","REP Heather Ammons Crawford","REP",18119,99.00,267402,28247,1,1,"0","0"
314,"State  House of Representatives, District  68 (Vote For 1)","Write-In","NON",183,1.00,267402,28247,1,1,"0","0"
315,"State  House of Representatives, District  69 (Vote For 1)","REP Chris Wooten","REP",14660,81.45,190088,28352,1,1,"0","0"
316,"State  House of Representatives, District  69 (Vote For 1)","LIB Allen James Broadus","LIB",3231,17.95,190088,28352,1,1,"0","0"
317,"State  House of Representatives, District  69 (Vote For 1)","Write-In","NON",108,0.60,190088,28352,1,1,"0","0"
318,"State  House of Representatives, District  70 (Vote For 1)","DEM Robert Reese","DEM",13752,97.26,302914,30198,2,2,"0","0"
319,"State  House of Representatives, District  70 (Vote For 1)","Write-In","NON",388,2.74,302914,30198,2,2,"0","0"
320,"State  House of Representatives, District  71 (Vote For 1)","REP Nathan Ballentine","REP",18992,98.07,450983,28651,2,2,"0","0"
321,"State  House of Representatives, District  71 (Vote For 1)","Write-In","NON",374,1.93,450983,28651,2,2,"0","0"
322,"State  House of Representatives, District  72 (Vote For 1)","DEM Seth Rose","DEM",8282,98.96,260895,12506,1,1,"0","0"
323,"State  House of Representatives, District  72 (Vote For 1)","Write-In","NON",87,1.04,260895,12506,1,1,"0","0"
324,"State  House of Representatives, District  73 (Vote For 1)","DEM Chris Hart","DEM",11952,98.97,260895,17693,1,1,"0","0"
325,"State  House of Representatives, District  73 (Vote For 1)","Write-In","NON",124,1.03,260895,17693,1,1,"0","0"
326,"State  House of Representatives, District  74 (Vote For 1)","DEM Todd Rutherford","DEM",12303,98.42,260895,17912,1,1,"0","0"
327,"State  House of Representatives, District  74 (Vote For 1)","Write-In","NON",197,1.58,260895,17912,1,1,"0","0"
328,"State  House of Representatives, District  75 (Vote For 1)","REP Kirkman Finlay","REP",8610,46.61,260895,23845,1,1,"0","0"
329,"State  House of Representatives, District  75 (Vote For 1)","DEM Heather Bauer","DEM",9846,53.31,260895,23845,1,1,"0","0"
330,"State  House of Representatives, District  75 (Vote For 1)","Write-In","NON",15,0.08,260895,23845,1,1,"0","0"
331,"State  House of Representatives, District  76 (Vote For 1)","DEM Leon Howard","DEM",12651,92.00,260895,19977,1,1,"0","0"
332,"State  House of Representatives, District  76 (Vote For 1)","WRK Gary Votour","WRK",1052,7.65,260895,19977,1,1,"0","0"
333,"State  House of Representatives, District  76 (Vote For 1)","Write-In","NON",48,0.35,260895,19977,1,1,"0","0"
334,"State  House of Representatives, District  77 (Vote For 1)","DEM Kambrell Garvin","DEM",17863,99.08,260895,28370,1,1,"0","0"
335,"State  House of Representatives, District  77 (Vote For 1)","Write-In","NON",165,0.92,260895,28370,1,1,"0","0"
336,"State  House of Representatives, District  78 (Vote For 1)","DEM Beth Bernstein","DEM",14847,98.72,260895,24262,1,1,"0","0"
337,"State  House of Representatives, District  78 (Vote For 1)","Write-In","NON",193,1.28,260895,24262,1,1,"0","0"
338,"State  House of Representatives, District  79 (Vote For 1)","REP Rebecca Madsen","REP",4851,24.62,260895,28213,1,1,"0","0"
339,"State  House of Representatives, District  79 (Vote For 1)","DEM Hamilton Grant","DEM",14831,75.27,260895,28213,1,1,"0","0"
340,"State  House of Representatives, District  79 (Vote For 1)","Write-In","NON",21,0.11,260895,28213,1,1,"0","0"
341,"State  House of Representatives, District  80 (Vote For 1)","REP Kathy Landing","REP",16029,65.12,268597,26698,1,1,"0","0"
342,"State  House of Representatives, District  80 (Vote For 1)","DEM Donna Brown Newton","DEM",8574,34.83,268597,26698,1,1,"0","0"
343,"State  House of Representatives, District  80 (Vote For 1)","Write-In","NON",13,0.05,268597,26698,1,1,"0","0"
344,"State  House of Representatives, District  81 (Vote For 1)","REP Charles Hartz","REP",16290,68.02,113203,28862,1,1,"0","0"
345,"State  House of Representatives, District  81 (Vote For 1)","DEM Jensen Jennings","DEM",7630,31.86,113203,28862,1,1,"0","0"
346,"State  House of Representatives, District  81 (Vote For 1)","Write-In","NON",29,0.12,113203,28862,1,1,"0","0"
347,"State  House of Representatives, District  82 (Vote For 1)","REP Suzanne Suzy Spurgeon","REP",7676,46.06,142759,22361,3,3,"0","0"
348,"State  House of Representatives, District  82 (Vote For 1)","DEM William Bill Clyburn","DEM",8982,53.90,142759,22361,3,3,"0","0"
349,"State  House of Representatives, District  82 (Vote For 1)","Write-In","NON",7,0.04,142759,22361,3,3,"0","0"
350,"State  House of Representatives, District  83 (Vote For 1)","REP Bill Hixon","REP",17038,98.73,130993,24123,2,2,"0","0"
351,"State  House of Representatives, District  83 (Vote For 1)","Write-In","NON",220,1.27,130993,24123,2,2,"0","0"
352,"State  House of Representatives, District  84 (Vote For 1)","REP Melissa Oremus","REP",15098,98.83,113203,24973,1,1,"0","0"
353,"State  House of Representatives, District  84 (Vote For 1)","Write-In","NON",179,1.17,113203,24973,1,1,"0","0"
354,"State  House of Representatives, District  85 (Vote For 1)","REP Jay Kilmartin","REP",17933,98.12,190088,28301,1,1,"0","0"
355,"State  House of Representatives, District  85 (Vote For 1)","Write-In","NON",343,1.88,190088,28301,1,1,"0","0"
356,"State  House of Representatives, District  86 (Vote For 1)","REP Bill Taylor","REP",14950,98.84,303291,23129,2,2,"0","0"
357,"State  House of Representatives, District  86 (Vote For 1)","Write-In","NON",175,1.16,303291,23129,2,2,"0","0"
358,"State  House of Representatives, District  87 (Vote For 1)","REP Paula Rawl Calhoon","REP",18574,85.58,190088,29741,1,1,"0","0"
359,"State  House of Representatives, District  87 (Vote For 1)","LIB Robin Machajewski","LIB",3046,14.03,190088,29741,1,1,"0","0"
360,"State  House of Representatives, District  87 (Vote For 1)","Write-In","NON",84,0.39,190088,29741,1,1,"0","0"
361,"State  House of Representatives, District  88 (Vote For 1)","REP RJ May","REP",13020,92.18,190088,25841,1,1,"0","0"
362,"State  House of Representatives, District  88 (Vote For 1)","Write-In","NON",1104,7.82,190088,25841,1,1,"0","0"
363,"State  House of Representatives, District  89 (Vote For 1)","REP Micah Caskey","REP",10158,60.24,190088,20954,1,1,"0","0"
364,"State  House of Representatives, District  89 (Vote For 1)","DEM Wayne Borders","DEM",6681,39.62,190088,20954,1,1,"0","0"
365,"State  House of Representatives, District  89 (Vote For 1)","Write-In","NON",23,0.14,190088,20954,1,1,"0","0"
366,"State  House of Representatives, District  90 (Vote For 1)","REP H Frank Dickson","REP",7085,39.96,185187,23292,4,4,"0","0"
367,"State  House of Representatives, District  90 (Vote For 1)","DEM Justin Bamberg","DEM",10625,59.92,185187,23292,4,4,"0","0"
368,"State  House of Representatives, District  90 (Vote For 1)","Write-In","NON",22,0.12,185187,23292,4,4,"0","0"
369,"State  House of Representatives, District  91 (Vote For 1)","REP Ben Kinlaw","REP",8690,48.35,65084,20755,3,3,"0","0"
370,"State  House of Representatives, District  91 (Vote For 1)","DEM Lonnie Hosey","DEM",9274,51.60,65084,20755,3,3,"0","0"
371,"State  House of Representatives, District  91 (Vote For 1)","Write-In","NON",10,0.06,65084,20755,3,3,"0","0"
372,"State  House of Representatives, District  92 (Vote For 1)","REP Brandon Cox","REP",12632,97.90,146231,20808,1,1,"0","0"
373,"State  House of Representatives, District  92 (Vote For 1)","Write-In","NON",271,2.10,146231,20808,1,1,"0","0"
374,"State  House of Representatives, District  93 (Vote For 1)","REP Krista Hassell","REP",9127,46.40,247782,23163,3,3,"0","0"
375,"State  House of Representatives, District  93 (Vote For 1)","DEM Jerry Govan","DEM",10145,51.58,247782,23163,3,3,"0","0"
376,"State  House of Representatives, District  93 (Vote For 1)","WRK Harold Geddings","WRK",360,1.83,247782,23163,3,3,"0","0"
377,"State  House of Representatives, District  93 (Vote For 1)","Write-In","NON",38,0.19,247782,23163,3,3,"0","0"
378,"State  House of Representatives, District  94 (Vote For 1)","REP Gil Gatch","REP",13649,98.20,373639,26252,2,2,"0","0"
379,"State  House of Representatives, District  94 (Vote For 1)","Write-In","NON",250,1.80,373639,26252,2,2,"0","0"
380,"State  House of Representatives, District  95 (Vote For 1)","DEM Gilda Cobb-Hunter","DEM",12568,98.27,152640,20322,2,2,"0","0"
381,"State  House of Representatives, District  95 (Vote For 1)","Write-In","NON",221,1.73,152640,20322,2,2,"0","0"
382,"State  House of Representatives, District  96 (Vote For 1)","REP D Ryan McCabe","REP",14055,99.08,190088,22251,1,1,"0","0"
383,"State  House of Representatives, District  96 (Vote For 1)","Write-In","NON",131,0.92,190088,22251,1,1,"0","0"
384,"State  House of Representatives, District  97 (Vote For 1)","REP Robby Robbins","REP",15464,99.06,129678,25169,2,2,"0","0"
385,"State  House of Representatives, District  97 (Vote For 1)","Write-In","NON",146,0.94,129678,25169,2,2,"0","0"
386,"State  House of Representatives, District  98 (Vote For 1)","REP Chris Murphy","REP",9838,56.86,105042,19590,1,1,"0","0"
387,"State  House of Representatives, District  98 (Vote For 1)","DEM Sonja Ogletree Satani","DEM",7429,42.93,105042,19590,1,1,"0","0"
388,"State  House of Representatives, District  98 (Vote For 1)","Write-In","NON",36,0.21,105042,19590,1,1,"0","0"
389,"State  House of Representatives, District  99 (Vote For 1)","REP Mark Smith","REP",16409,98.51,146231,23489,1,1,"0","0"
390,"State  House of Representatives, District  99 (Vote For 1)","Write-In","NON",249,1.49,146231,23489,1,1,"0","0"
391,"State  House of Representatives, District  100 (Vote For 1)","REP Sylleste Davis","REP",14596,98.61,146231,24738,1,1,"0","0"
392,"State  House of Representatives, District  100 (Vote For 1)","Write-In","NON",205,1.39,146231,24738,1,1,"0","0"
393,"State  House of Representatives, District  101 (Vote For 1)","DEM Roger K Kirby","DEM",12531,98.45,249261,20216,3,3,"0","0"
394,"State  House of Representatives, District  101 (Vote For 1)","Write-In","NON",197,1.55,249261,20216,3,3,"0","0"
395,"State  House of Representatives, District  102 (Vote For 1)","REP Harriet Holman","REP",10773,51.87,251273,25028,2,2,"0","0"
396,"State  House of Representatives, District  102 (Vote For 1)","DEM Joe Jefferson","DEM",9969,48.00,251273,25028,2,2,"0","0"
397,"State  House of Representatives, District  102 (Vote For 1)","Write-In","NON",27,0.13,251273,25028,2,2,"0","0"
398,"State  House of Representatives, District  103 (Vote For 1)","DEM Carl L Anderson","DEM",11367,98.40,460678,24564,3,3,"0","0"
399,"State  House of Representatives, District  103 (Vote For 1)","Write-In","NON",185,1.60,460678,24564,3,3,"0","0"
400,"State  House of Representatives, District  104 (Vote For 1)","REP William Bailey","REP",24670,99.38,267402,33858,1,1,"0","0"
401,"State  House of Representatives, District  104 (Vote For 1)","Write-In","NON",155,0.62,267402,33858,1,1,"0","0"
402,"State  House of Representatives, District  105 (Vote For 1)","REP Kevin Hardee","REP",19214,99.25,267402,38626,1,1,"0","0"
403,"State  House of Representatives, District  105 (Vote For 1)","Write-In","NON",146,0.75,267402,38626,1,1,"0","0"
404,"State  House of Representatives, District  106 (Vote For 1)","REP Val Guest","REP",21778,98.53,267402,32589,1,1,"0","0"
405,"State  House of Representatives, District  106 (Vote For 1)","Write-In","NON",324,1.47,267402,32589,1,1,"0","0"
406,"State  House of Representatives, District  107 (Vote For 1)","REP Case Brittain","REP",16658,98.70,267402,24835,1,1,"0","0"
407,"State  House of Representatives, District  107 (Vote For 1)","Write-In","NON",219,1.30,267402,24835,1,1,"0","0"
408,"State  House of Representatives, District  108 (Vote For 1)","REP Lee Hewitt","REP",20536,99.30,315642,31278,2,2,"0","0"
409,"State  House of Representatives, District  108 (Vote For 1)","Write-In","NON",144,0.70,315642,31278,2,2,"0","0"
410,"State  House of Representatives, District  109 (Vote For 1)","DEM Tiffany Spann-Wilder","DEM",10157,98.03,373639,15587,2,2,"0","0"
411,"State  House of Representatives, District  109 (Vote For 1)","Write-In","NON",204,1.97,373639,15587,2,2,"0","0"
412,"State  House of Representatives, District  110 (Vote For 1)","REP Tom Hartnett","REP",12907,55.94,268597,25107,1,1,"0","0"
413,"State  House of Representatives, District  110 (Vote For 1)","DEM John Moffett","DEM",10145,43.97,268597,25107,1,1,"0","0"
414,"State  House of Representatives, District  110 (Vote For 1)","Write-In","NON",20,0.09,268597,25107,1,1,"0","0"
415,"State  House of Representatives, District  111 (Vote For 1)","LIB Joe Jernigan","LIB",2510,16.71,268597,18607,1,1,"0","0"
416,"State  House of Representatives, District  111 (Vote For 1)","DEM Wendell G Gilliard","DEM",12457,82.91,268597,18607,1,1,"0","0"
417,"State  House of Representatives, District  111 (Vote For 1)","Write-In","NON",58,0.39,268597,18607,1,1,"0","0"
418,"State  House of Representatives, District  112 (Vote For 1)","REP Joe Bustos","REP",16905,61.04,268597,34137,1,1,"0","0"
419,"State  House of Representatives, District  112 (Vote For 1)","DEM Peter Brennan","DEM",10765,38.87,268597,34137,1,1,"0","0"
420,"State  House of Representatives, District  112 (Vote For 1)","Write-In","NON",23,0.08,268597,34137,1,1,"0","0"
421,"State  House of Representatives, District  113 (Vote For 1)","DEM Marvin Rashad Pendarvis","DEM",9373,97.28,268597,20594,1,1,"0","0"
422,"State  House of Representatives, District  113 (Vote For 1)","Write-In","NON",262,2.72,268597,20594,1,1,"0","0"
423,"State  House of Representatives, District  114 (Vote For 1)","REP Gary Brewer","REP",15892,61.11,373639,28469,2,2,"0","0"
424,"State  House of Representatives, District  114 (Vote For 1)","DEM Adrienne Lett","DEM",10082,38.77,373639,28469,2,2,"0","0"
425,"State  House of Representatives, District  114 (Vote For 1)","Write-In","NON",30,0.12,373639,28469,2,2,"0","0"
426,"State  House of Representatives, District  115 (Vote For 1)","REP J Warren Sloane","REP",12623,48.07,268597,32386,1,1,"0","0"
427,"State  House of Representatives, District  115 (Vote For 1)","DEM Spencer Wetmore","DEM",13627,51.89,268597,32386,1,1,"0","0"
428,"State  House of Representatives, District  115 (Vote For 1)","Write-In","NON",11,0.04,268597,32386,1,1,"0","0"
429,"State  House of Representatives, District  116 (Vote For 1)","REP James Teeple","REP",12576,51.18,293233,25711,2,2,"0","0"
430,"State  House of Representatives, District  116 (Vote For 1)","DEM Charlie Murray","DEM",11984,48.77,293233,25711,2,2,"0","0"
431,"State  House of Representatives, District  116 (Vote For 1)","Write-In","NON",11,0.04,293233,25711,2,2,"0","0"
432,"State  House of Representatives, District  117 (Vote For 1)","REP Jordan Pace","REP",16281,97.90,146231,28385,1,1,"0","0"
433,"State  House of Representatives, District  117 (Vote For 1)","Write-In","NON",349,2.10,146231,28385,1,1,"0","0"
434,"State  House of Representatives, District  118 (Vote For 1)","REP Bill Herbkersman","REP",16052,64.73,140221,28434,1,1,"0","0"
435,"State  House of Representatives, District  118 (Vote For 1)","DEM Charity Owens","DEM",8733,35.22,140221,28434,1,1,"0","0"
436,"State  House of Representatives, District  118 (Vote For 1)","Write-In","NON",13,0.05,140221,28434,1,1,"0","0"
437,"State  House of Representatives, District  119 (Vote For 1)","REP Brendan R Magee","REP",10775,44.74,268597,31168,1,1,"0","0"
438,"State  House of Representatives, District  119 (Vote For 1)","DEM Leon Stavrinakis","DEM",13280,55.14,268597,31168,1,1,"0","0"
439,"State  House of Representatives, District  119 (Vote For 1)","Write-In","NON",28,0.12,268597,31168,1,1,"0","0"
440,"State  House of Representatives, District  120 (Vote For 1)","REP Weston Newton","REP",17696,66.68,163771,30880,2,2,"0","0"
441,"State  House of Representatives, District  120 (Vote For 1)","DEM Kate Creech","DEM",8820,33.24,163771,30880,2,2,"0","0"
442,"State  House of Representatives, District  120 (Vote For 1)","Write-In","NON",21,0.08,163771,30880,2,2,"0","0"
443,"State  House of Representatives, District  121 (Vote For 1)","REP Shelley Gay Yuhas","REP",7149,41.86,164857,22570,2,2,"0","0"
444,"State  House of Representatives, District  121 (Vote For 1)","DEM Michael F Rivers Sr","DEM",9913,58.04,164857,22570,2,2,"0","0"
445,"State  House of Representatives, District  121 (Vote For 1)","Write-In","NON",18,0.11,164857,22570,2,2,"0","0"
446,"State  House of Representatives, District  122 (Vote For 1)","REP Bill Hager","REP",11234,53.59,199594,22747,4,4,"0","0"
447,"State  House of Representatives, District  122 (Vote For 1)","DEM Audrey Hopkins Williams","DEM",9718,46.36,199594,22747,4,4,"0","0"
448,"State  House of Representatives, District  122 (Vote For 1)","Write-In","NON",12,0.06,199594,22747,4,4,"0","0"
449,"State  House of Representatives, District  123 (Vote For 1)","REP Jeff Bradley","REP",15113,59.87,163771,27165,2,2,"0","0"
450,"State  House of Representatives, District  123 (Vote For 1)","DEM Lisette Cifaldi","DEM",10114,40.07,163771,27165,2,2,"0","0"
451,"State  House of Representatives, District  123 (Vote For 1)","Write-In","NON",15,0.06,163771,27165,2,2,"0","0"
452,"State  House of Representatives, District  124 (Vote For 1)","REP Shannon Erickson","REP",13086,63.21,140221,24099,1,1,"0","0"
453,"State  House of Representatives, District  124 (Vote For 1)","DEM Melinda Henrickson","DEM",7589,36.66,140221,24099,1,1,"0","0"
454,"State  House of Representatives, District  124 (Vote For 1)","Write-In","NON",26,0.13,140221,24099,1,1,"0","0"
455,"Solicitor, Circuit 1 (Vote For 1)","DEM David M Pascoe","DEM",76175,97.71,162736,123492,3,3,"0","0"
456,"Solicitor, Circuit 1 (Vote For 1)","Write-In","NON",1786,2.29,162736,123492,3,3,"0","0"
457,"Solicitor, Circuit 2 (Vote For 1)","REP Bill Weeks","REP",72927,99.05,134013,102293,3,3,"0","0"
458,"Solicitor, Circuit 2 (Vote For 1)","Write-In","NON",699,0.95,134013,102293,3,3,"0","0"
459,"Solicitor, Circuit 4 (Vote For 1)","REP Mike Burch","REP",39553,57.13,98533,71301,4,4,"0","0"
460,"Solicitor, Circuit 4 (Vote For 1)","DEM Monty Bell","DEM",29641,42.82,98533,71301,4,4,"0","0"
461,"Solicitor, Circuit 4 (Vote For 1)","Write-In","NON",34,0.05,98533,71301,4,4,"0","0"
462,"Solicitor, Circuit 7 (Vote For 1)","REP Barry Joe Barnette","REP",136825,98.94,240492,181300,2,2,"0","0"
463,"Solicitor, Circuit 7 (Vote For 1)","Write-In","NON",1466,1.06,240492,181300,2,2,"0","0"
464,"Solicitor, Circuit 8 (Vote For 1)","REP David Stumbo","REP",69558,99.21,120296,91829,4,4,"0","0"
465,"Solicitor, Circuit 8 (Vote For 1)","Write-In","NON",557,0.79,120296,91829,4,4,"0","0"
466,"Solicitor, Circuit 9 (Vote For 1)","REP Scarlett A Wilson","REP",181761,57.19,414828,329997,2,2,"0","0"
467,"Solicitor, Circuit 9 (Vote For 1)","DEM David Osborne","DEM",135831,42.74,414828,329997,2,2,"0","0"
468,"Solicitor, Circuit 9 (Vote For 1)","Write-In","NON",229,0.07,414828,329997,2,2,"0","0"
469,"Solicitor, Circuit 10 (Vote For 1)","REP Micah Black","REP",114766,99.30,179172,141422,2,2,"0","0"
470,"Solicitor, Circuit 10 (Vote For 1)","Write-In","NON",809,0.70,179172,141422,2,2,"0","0"
471,"Solicitor, Circuit 11 (Vote For 1)","REP Rick Hubbard","REP",135498,99.20,227265,177230,4,4,"0","0"
472,"Solicitor, Circuit 11 (Vote For 1)","Write-In","NON",1086,0.80,227265,177230,4,4,"0","0"
473,"Solicitor, Circuit 14 (Vote For 1)","REP Duffie Stone","REP",104049,98.57,204181,153530,5,5,"0","0"
474,"Solicitor, Circuit 14 (Vote For 1)","Write-In","NON",1511,1.43,204181,153530,5,5,"0","0"
475,"Solicitor, Circuit 16 (Vote For 1)","REP Kevin Brackett","REP",120377,98.61,206211,163362,2,2,"0","0"
476,"Solicitor, Circuit 16 (Vote For 1)","Write-In","NON",1691,1.39,206211,163362,2,2,"0","0"
477,"Amendment 1 (Vote For 1)","Yes, In Favor of the Question","NON",1982956,85.94,3343423,2566404,46,46,"0","0"
478,"Amendment 1 (Vote For 1)","No, Opposed to the Question","NON",324432,14.06,3343423,2566404,46,46,"0","0"
479,"Aiken County School Board District 1 (Vote For 1)","Deborah L Tyler","NON",4801,98.14,124969,12731,2,2,"0","0"
480,"Aiken County School Board District 1 (Vote For 1)","Write-In","NON",91,1.86,124969,12731,2,2,"0","0"
481,"Mayor - Ware Shoals (Vote For 1)","Bryan Ross","NON",625,97.20,57059,1511,2,2,"0","0"
482,"Mayor - Ware Shoals (Vote For 1)","Write-In","NON",18,2.80,57059,1511,2,2,"0","0"
483,"Town Council - Ware Shoals (Vote For 3)","Valerie D Jackson","NON",460,32.88,57059,1511,2,2,"0","0"
484,"Town Council - Ware Shoals (Vote For 3)","Kim Jensen","NON",358,25.59,57059,1511,2,2,"0","0"
485,"Town Council - Ware Shoals (Vote For 3)","Eli Morse","NON",213,15.23,57059,1511,2,2,"0","0"
486,"Town Council - Ware Shoals (Vote For 3)","Patty F Walters","NON",344,24.59,57059,1511,2,2,"0","0"
487,"Town Council - Ware Shoals (Vote For 3)","Write-In","NON",24,1.72,57059,1511,2,2,"0","0"
488,"Anderson County School Trustee District 2 Area 2 (Vote For 1)","Mason Gary","NON",6619,99.37,467186,15549,2,2,"0","0"
489,"Anderson County School Trustee District 2 Area 2 (Vote For 1)","Write-In","NON",42,0.63,467186,15549,2,2,"0","0"
490,"Anderson County School Trustee District 2 Area 5 (Vote For 1)","Phillip S Ashley","NON",6425,99.23,467186,15549,2,2,"0","0"
491,"Anderson County School Trustee District 2 Area 5 (Vote For 1)","Write-In","NON",50,0.77,467186,15549,2,2,"0","0"
492,"Anderson County School Trustee District 2 Area 6 (Vote For 1)","DuPre Keys","NON",6293,99.68,467186,15549,2,2,"0","0"
493,"Anderson County School Trustee District 2 Area 6 (Vote For 1)","Write-In","NON",20,0.32,467186,15549,2,2,"0","0"
494,"Greenville County School Board District 27 (Vote For 1)","Sarah Dulin","NON",10749,55.34,381291,35642,2,2,"0","0"
495,"Greenville County School Board District 27 (Vote For 1)","Missey Marsh","NON",8551,44.03,381291,35642,2,2,"0","0"
496,"Greenville County School Board District 27 (Vote For 1)","Write-In","NON",123,0.63,381291,35642,2,2,"0","0"
497,"Lexington County School Trustee District 3 (Vote For 4)","Burgundy Barr","NON",1464,11.56,201854,14266,2,2,"0","0"
498,"Lexington County School Trustee District 3 (Vote For 4)","Sonya Winstead Cary","NON",2377,18.78,201854,14266,2,2,"0","0"
499,"Lexington County School Trustee District 3 (Vote For 4)","Craig A Caughman","NON",2631,20.78,201854,14266,2,2,"0","0"
500,"Lexington County School Trustee District 3 (Vote For 4)","Stacey B Derrick","NON",2704,21.36,201854,14266,2,2,"0","0"
501,"Lexington County School Trustee District 3 (Vote For 4)","Cynthia Etheredge","NON",3398,26.84,201854,14266,2,2,"0","0"
502,"Lexington County School Trustee District 3 (Vote For 4)","Write-In","NON",86,0.68,201854,14266,2,2,"0","0"
503,"Mayor - Hardeeville (Vote For 1)","Harry Williams","NON",6280,98.80,163771,12695,2,2,"0","0"
504,"Mayor - Hardeeville (Vote For 1)","Write-In","NON",76,1.20,163771,12695,2,2,"0","0"
505,"City Council - Hardeeville (Vote For 2)","John M Carroll","NON",4341,44.04,163771,12695,2,2,"0","0"
506,"City Council - Hardeeville (Vote For 2)","Landon Papay","NON",2481,25.17,163771,12695,2,2,"0","0"
507,"City Council - Hardeeville (Vote For 2)","Bo White","NON",2966,30.09,163771,12695,2,2,"0","0"
508,"City Council - Hardeeville (Vote For 2)","Write-In","NON",68,0.69,163771,12695,2,2,"0","0"
509,"Pickens County School Trustee District 1 (Vote For 1)","Betty Bagley","NON",3015,99.31,202039,6719,2,2,"0","0"
510,"Pickens County School Trustee District 1 (Vote For 1)","Write-In","NON",21,0.69,202039,6719,2,2,"0","0"
511,"Thicketty Creek Watershed Conservation District (Vote For 3)","Earby Cash","NON",3153,38.12,240492,17246,2,2,"0","0"
512,"Thicketty Creek Watershed Conservation District (Vote For 3)","Robert Perrine","NON",2672,32.31,240492,17246,2,2,"0","0"
513,"Thicketty Creek Watershed Conservation District (Vote For 3)","Joey Shetley","NON",2394,28.94,240492,17246,2,2,"0","0"
514,"Thicketty Creek Watershed Conservation District (Vote For 3)","Write-In","NON",52,0.63,240492,17246,2,2,"0","0"
515,"Brushy Creek Watershed Conservation District (Vote For 2)","Eric McConnell","NON",4999,64.31,202039,24557,2,2,"0","0"
516,"Brushy Creek Watershed Conservation District (Vote For 2)","Carter Vest","NON",2710,34.86,202039,24557,2,2,"0","0"
517,"Brushy Creek Watershed Conservation District (Vote For 2)","Write-In","NON",64,0.82,202039,24557,2,2,"0","0"
518,"Three and Twenty Watershed Conservation District (Vote For 3)","J Mark Bishop","NON",3440,59.81,202039,22351,2,2,"0","0"
519,"Three and Twenty Watershed Conservation District (Vote For 3)","Joseph Chad Langston","NON",2169,37.71,202039,22351,2,2,"0","0"
520,"Three and Twenty Watershed Conservation District (Vote For 3)","Write-In","NON",143,2.49,202039,22351,2,2,"0","0"
521,"Rocky Creek Watershed Conservation District (Vote For 3)","Fred W Castles III","NON",1757,38.03,35580,8883,2,2,"0","0"
522,"Rocky Creek Watershed Conservation District (Vote For 3)","Calvin C Clark","NON",1408,30.48,35580,8883,2,2,"0","0"
523,"Rocky Creek Watershed Conservation District (Vote For 3)","Oscar L Buddy Peay","NON",1434,31.04,35580,8883,2,2,"0","0"
524,"Rocky Creek Watershed Conservation District (Vote For 3)","Write-In","NON",21,0.45,35580,8883,2,2,"0","0"
525,"Rabon Creek Watershed Conservation District (Vote For 3)","Bobby Balcombe","NON",3564,35.34,381291,24907,2,2,"0","0"
526,"Rabon Creek Watershed Conservation District (Vote For 3)","Brian Brownlee","NON",3836,38.04,381291,24907,2,2,"0","0"
527,"Rabon Creek Watershed Conservation District (Vote For 3)","Roosevelt Lancaster","NON",2640,26.18,381291,24907,2,2,"0","0"
528,"Rabon Creek Watershed Conservation District (Vote For 3)","Write-In","NON",45,0.45,381291,24907,2,2,"0","0"
529,"Little Lynches Creek Watershed Conservation District (Vote For 3)","Bet Hunter Faile","NON",1254,47.52,110814,10286,2,2,"0","0"
530,"Little Lynches Creek Watershed Conservation District (Vote For 3)","Ashli R Young","NON",1336,50.63,110814,10286,2,2,"0","0"
531,"Little Lynches Creek Watershed Conservation District (Vote For 3)","Write-In","NON",49,1.86,110814,10286,2,2,"0","0"
532,"Tinker's Creek Watershed Conservation District (Vote For 3)","Travis Allen","NON",1955,66.84,209978,7322,2,2,"0","0"
533,"Tinker's Creek Watershed Conservation District (Vote For 3)","Charlie O Barber Jr","NON",952,32.55,209978,7322,2,2,"0","0"
534,"Tinker's Creek Watershed Conservation District (Vote For 3)","Write-In","NON",18,0.62,209978,7322,2,2,"0","0"
535,"Fire District Commissioner Piedmont Public Service Area (Vote For 2)","Beth Owens Dickson","NON",678,21.28,467186,8729,2,2,"0","0"
536,"Fire District Commissioner Piedmont Public Service Area (Vote For 2)","Jackson P Lollis","NON",652,20.46,467186,8729,2,2,"0","0"
537,"Fire District Commissioner Piedmont Public Service Area (Vote For 2)","Rudy Rhodes","NON",791,24.83,467186,8729,2,2,"0","0"
538,"Fire District Commissioner Piedmont Public Service Area (Vote For 2)","Charlene E Spelts","NON",484,15.19,467186,8729,2,2,"0","0"
539,"Fire District Commissioner Piedmont Public Service Area (Vote For 2)","Tracy Stephens","NON",563,17.67,467186,8729,2,2,"0","0"
540,"Fire District Commissioner Piedmont Public Service Area (Vote For 2)","Write-In","NON",18,0.56,467186,8729,2,2,"0","0"
541,"Fire District Commissioner South Lynches (Vote For 3)","Randy G Graham","NON",2519,47.09,103030,10246,2,2,"0","0"
542,"Fire District Commissioner South Lynches (Vote For 3)","Lindward C James Jr","NON",1215,22.71,103030,10246,2,2,"0","0"
543,"Fire District Commissioner South Lynches (Vote For 3)","Kit W Billy McLean Jr","NON",1600,29.91,103030,10246,2,2,"0","0"
544,"Fire District Commissioner South Lynches (Vote For 3)","Write-In","NON",15,0.28,103030,10246,2,2,"0","0"
545,"Lexington/Richland School District 5 Bond Referendum (Vote For 1)","Yes, In favor of the Question","NON",40387,70.74,450983,61589,2,2,"0","0"
546,"Lexington/Richland School District 5 Bond Referendum (Vote For 1)","No, Opposed to the Question","NON",16706,29.26,450983,61589,2,2,"0","0"
547,"Straight Party 1 (Vote For 1)","Constitution","CON",309,0.09,842896,643516,12,12,"0","0"
548,"Straight Party 1 (Vote For 1)","United Citizens","UNC",1057,0.31,842896,643516,12,12,"0","0"
549,"Straight Party 1 (Vote For 1)","Green","GRN",491,0.14,842896,643516,12,12,"0","0"
550,"Straight Party 1 (Vote For 1)","Republican","REP",215167,62.31,842896,643516,12,12,"0","0"
551,"Straight Party 1 (Vote For 1)","Libertarian","LIB",617,0.18,842896,643516,12,12,"0","0"
552,"Straight Party 1 (Vote For 1)","Democratic","DEM",127396,36.89,842896,643516,12,12,"0","0"
553,"Straight Party 1 (Vote For 1)","Workers","WRK",257,0.07,842896,643516,12,12,"0","0"
554,"Straight Party 2 (Vote For 1)","Constitution","CON",791,0.08,2500527,1922888,34,34,"0","0"
555,"Straight Party 2 (Vote For 1)","United Citizens","UNC",2555,0.26,2500527,1922888,34,34,"0","0"
556,"Straight Party 2 (Vote For 1)","Green","GRN",1439,0.15,2500527,1922888,34,34,"0","0"
557,"Straight Party 2 (Vote For 1)","Republican","REP",577814,59.23,2500527,1922888,34,34,"0","0"
558,"Straight Party 2 (Vote For 1)","Alliance","ALN",147,0.02,2500527,1922888,34,34,"0","0"
559,"Straight Party 2 (Vote For 1)","Libertarian","LIB",1479,0.15,2500527,1922888,34,34,"0","0"
560,"Straight Party 2 (Vote For 1)","Democratic","DEM",390682,40.05,2500527,1922888,34,34,"0","0"
561,"Straight Party 2 (Vote For 1)","Workers","WRK",610,0.06,2500527,1922888,34,34,"0","0"
