"line number","contest name","choice name","party name","total votes","percent of votes","registered voters","ballots cast","num Area total","num Area rptg","over votes","under votes"
1,"U.S. HOUSE OF REPRESENTATIVES, 1st Congressional District (Vote For 1)","CAROL MILLER","REP",151511,66.69,0,239018,28,28,"0","0"
2,"U.S. HOUSE OF REPRESENTATIVES, 1st Congressional District (Vote For 1)","MR. LACY WATSON","DEM",65428,28.80,0,239018,28,28,"0","0"
3,"U.S. HOUSE OF REPRESENTATIVES, 1st Congressional District (Vote For 1)","BELINDA FOX-SPENCER","IND",10257,4.51,0,239018,28,28,"0","0"
4,"U.S. HOUSE OF REPRESENTATIVES, 2nd Congressional District (Vote For 1)","ALEXANDER X. MOONEY","REP",160493,65.57,0,252890,27,27,"0","0"
5,"U.S. HOUSE OF REPRESENTATIVES, 2nd Congressional District (Vote For 1)","BARRY LEE WENDELL","DEM",84278,34.43,0,252890,27,27,"0","0"
6,"Amendment No. 1: Clarification of the Judiciary’s Role in Impeachment Proceedings Amendment (Vote For 1)","AGAINST","",269316,57.81,0,491908,55,55,"0","0"
7,"Amendment No. 1: Clarification of the Judiciary’s Role in Impeachment Proceedings Amendment (Vote For 1)","FOR","",196519,42.19,0,491908,55,55,"0","0"
8,"Amendment No. 2: Property Tax Modernization Amendment (Vote For 1)","AGAINST","",309007,64.51,0,491908,55,55,"0","0"
9,"Amendment No. 2: Property Tax Modernization Amendment (Vote For 1)","FOR","",170013,35.49,0,491908,55,55,"0","0"
10,"Amendment No. 3: Incorporation of Churches or Religious Denominations Amendment (Vote For 1)","AGAINST","",253379,54.55,0,491908,55,55,"0","0"
11,"Amendment No. 3: Incorporation of Churches or Religious Denominations Amendment (Vote For 1)","FOR","",211147,45.45,0,491908,55,55,"0","0"
12,"Amendment No. 4: Education Accountability Amendment (Vote For 1)","AGAINST","",275683,57.86,0,491908,55,55,"0","0"
13,"Amendment No. 4: Education Accountability Amendment (Vote For 1)","FOR","",200791,42.14,0,491908,55,55,"0","0"
14,"STATE SENATOR, 1st Senatorial District (Vote For 1)","LAURA WAKIM CHAPMAN","REP",18746,60.46,0,31589,4,4,"0","0"
15,"STATE SENATOR, 1st Senatorial District (Vote For 1)","RANDY SWARTZMILLER","DEM",12258,39.54,0,31589,4,4,"0","0"
16,"STATE SENATOR, 2nd Senatorial District (Vote For 1)","CHARLES CLEMENTS","REP",18720,62.54,0,31130,6,6,"0","0"
17,"STATE SENATOR, 2nd Senatorial District (Vote For 1)","ERIC M. HAYHURST","DEM",11213,37.46,0,31130,6,6,"0","0"
18,"STATE SENATOR, 3rd Senatorial District (Vote For 1)","MICHAEL AZINGER","REP",20812,65.71,0,32509,4,4,"0","0"
19,"STATE SENATOR, 3rd Senatorial District (Vote For 1)","JODY MURPHY","DEM",10861,34.29,0,32509,4,4,"0","0"
20,"STATE SENATOR, 4th Senatorial District (Vote For 1)","ERIC J. TARR","REP",21059,100.00,0,29709,4,4,"0","0"
21,"STATE SENATOR, 5th Senatorial District (Vote For 1)","MIKE WOELFEL","DEM",13542,53.97,0,26278,2,2,"0","0"
22,"STATE SENATOR, 5th Senatorial District (Vote For 1)","MELISSA CLARK","REP",11552,46.03,0,26278,2,2,"0","0"
23,"STATE SENATOR, 6th Senatorial District (Vote For 1)","MARK R. MAYNARD","REP",17222,73.38,0,25508,4,4,"0","0"
24,"STATE SENATOR, 6th Senatorial District (Vote For 1)","TIFFANY CLEMINS","DEM",6249,26.62,0,25508,4,4,"0","0"
25,"STATE SENATOR, 7th Senatorial District (Vote For 1)","MIKE STUART","REP",13242,58.16,0,23725,4,4,"0","0"
26,"STATE SENATOR, 7th Senatorial District (Vote For 1)","RON STOLLINGS","DEM",9526,41.84,0,23725,4,4,"0","0"
27,"STATE SENATOR, 8th Senatorial District (Vote For 1)","MARK HUNT","REP",14615,56.76,0,27126,5,5,"0","0"
28,"STATE SENATOR, 8th Senatorial District (Vote For 1)","RICHARD  LINDSAY","DEM",11136,43.24,0,27126,5,5,"0","0"
29,"STATE SENATOR, 9th Senatorial District (Vote For 1)","ROLLAN ROBERTS","REP",18540,78.12,0,27097,3,3,"0","0"
30,"STATE SENATOR, 9th Senatorial District (Vote For 1)","KARI WOODSON","LBN",5194,21.88,0,27097,3,3,"0","0"
31,"STATE SENATOR, 10th Senatorial District (Vote For 1)","VINCE DEEDS","REP",18954,58.70,0,33052,5,5,"0","0"
32,"STATE SENATOR, 10th Senatorial District (Vote For 1)","STEPHEN BALDWIN","DEM",12250,37.94,0,33052,5,5,"0","0"
33,"STATE SENATOR, 10th Senatorial District (Vote For 1)","AARON RANSOM","IND",1085,3.36,0,33052,5,5,"0","0"
34,"STATE SENATOR, 11th Senatorial District (Vote For 1)","BILL HAMILTON","REP",23105,100.00,0,29272,7,7,"0","0"
35,"STATE SENATOR, 12th Senatorial District (Vote For 1)","BEN QUEEN","REP",18711,68.69,0,28470,5,5,"0","0"
36,"STATE SENATOR, 12th Senatorial District (Vote For 1)","AUSTIN LYNCH","LBN",8529,31.31,0,28470,5,5,"0","0"
37,"STATE SENATOR, 13th Senatorial District (Vote For 1)","MIKE OLIVERIO","REP",13495,50.29,0,27346,2,2,"0","0"
38,"STATE SENATOR, 13th Senatorial District (Vote For 1)","BARBARA EVANS FLEISCHAUER","DEM",13342,49.71,0,27346,2,2,"0","0"
39,"STATE SENATOR, 14th Senatorial District (Vote For 1)","JAY TAYLOR","REP",21910,76.17,0,28754,6,6,"0","0"
40,"STATE SENATOR, 14th Senatorial District (Vote For 1)","AMANDA JO PITZER","DEM",6855,23.83,0,28754,6,6,"0","0"
41,"STATE SENATOR, 15th Senatorial District (Vote For 1)","CHARLES S. TRUMP IV","REP",21137,80.41,0,29007,3,3,"0","0"
42,"STATE SENATOR, 15th Senatorial District (Vote For 1)","ROBIN MILLS","UPW",5148,19.59,0,29007,3,3,"0","0"
43,"STATE SENATOR, 16th Senatorial District (Vote For 1)","JASON BARRETT","REP",18672,60.49,0,31490,2,2,"0","0"
44,"STATE SENATOR, 16th Senatorial District (Vote For 1)","HANNAH N. GEFFERT","DEM",12196,39.51,0,31490,2,2,"0","0"
45,"STATE SENATOR, 17th Senatorial District (Vote For 1)","TOM TAKUBO","REP",16739,58.45,0,29846,1,1,"0","0"
46,"STATE SENATOR, 17th Senatorial District (Vote For 1)","SAMUEL ""SAM"" WOOD","DEM",11897,41.55,0,29846,1,1,"0","0"
47,"HOUSE OF DELEGATES, 1st District (Vote For 1)","PAT MCGEEHAN","REP",4590,75.84,0,6202,2,2,"0","0"
48,"HOUSE OF DELEGATES, 1st District (Vote For 1)","JACK WOOD","DEM",1462,24.16,0,6202,2,2,"0","0"
49,"HOUSE OF DELEGATES, 2nd District (Vote For 1)","MARK ZATEZALO","REP",3406,67.19,0,5206,2,2,"0","0"
50,"HOUSE OF DELEGATES, 2nd District (Vote For 1)","RONNIE D. JONES","DEM",1663,32.81,0,5206,2,2,"0","0"
51,"HOUSE OF DELEGATES, 3rd District (Vote For 1)","JIMMY WILLIS","REP",2895,54.89,0,5904,2,2,"0","0"
52,"HOUSE OF DELEGATES, 3rd District (Vote For 1)","PHILLIP W. DISERIO","DEM",2379,45.11,0,5904,2,2,"0","0"
53,"HOUSE OF DELEGATES, 4th District (Vote For 1)","ERIKKA STORCH","REP",4811,72.64,0,7410,1,1,"0","0"
54,"HOUSE OF DELEGATES, 4th District (Vote For 1)","TERESA TORISEVA","DEM",1812,27.36,0,7410,1,1,"0","0"
55,"HOUSE OF DELEGATES, 5th District (Vote For 1)","SHAWN FLUHARTY","DEM",2758,54.59,0,5721,1,1,"0","0"
56,"HOUSE OF DELEGATES, 5th District (Vote For 1)","BROOKE E. MCARDLE","REP",2294,45.41,0,5721,1,1,"0","0"
57,"HOUSE OF DELEGATES, 6th District (Vote For 1)","CHARLIE REYNOLDS","REP",3550,61.28,0,5928,1,1,"0","0"
58,"HOUSE OF DELEGATES, 6th District (Vote For 1)","REVA YOST","DEM",2243,38.72,0,5928,1,1,"0","0"
59,"HOUSE OF DELEGATES, 7th District (Vote For 1)","CHARLES R. SHEEDY SR","REP",2948,54.90,0,5472,2,2,"0","0"
60,"HOUSE OF DELEGATES, 7th District (Vote For 1)","LISA ZUKOFF","DEM",2066,38.47,0,5472,2,2,"0","0"
61,"HOUSE OF DELEGATES, 7th District (Vote For 1)","DYLAN PARSONS","MTN",356,6.63,0,5472,2,2,"0","0"
62,"HOUSE OF DELEGATES, 8th District (Vote For 1)","DAVID L. KELLY","REP",4509,100.00,0,5331,3,3,"0","0"
63,"HOUSE OF DELEGATES, 9th District (Vote For 1)","TRENTON CARL BARNHART","REP",5059,100.00,0,5864,3,3,"0","0"
64,"HOUSE OF DELEGATES, 10th District (Vote For 1)","BILL ANDERSON","REP",4133,70.83,0,5955,1,1,"0","0"
65,"HOUSE OF DELEGATES, 10th District (Vote For 1)","J. MORGAN LEACH","DEM",1702,29.17,0,5955,1,1,"0","0"
66,"HOUSE OF DELEGATES, 11th District (Vote For 1)","BOB FEHRENBACHER","REP",3274,58.95,0,5684,1,1,"0","0"
67,"HOUSE OF DELEGATES, 11th District (Vote For 1)","HARRY DEITZLER","DEM",2280,41.05,0,5684,1,1,"0","0"
68,"HOUSE OF DELEGATES, 12th District (Vote For 1)","VERNON CRISS","REP",2467,62.33,0,4083,1,1,"0","0"
69,"HOUSE OF DELEGATES, 12th District (Vote For 1)","JONATHAN DEFIBAUGH","DEM",1196,30.22,0,4083,1,1,"0","0"
70,"HOUSE OF DELEGATES, 12th District (Vote For 1)","STEPHEN THOMAS SMITH","LBN",295,7.45,0,4083,1,1,"0","0"
71,"HOUSE OF DELEGATES, 13th District (Vote For 1)","SCOT HECKERT","REP",3304,72.06,0,4747,1,1,"0","0"
72,"HOUSE OF DELEGATES, 13th District (Vote For 1)","ANDREA ""RED"" GREER","DEM",1281,27.94,0,4747,1,1,"0","0"
73,"HOUSE OF DELEGATES, 14th District (Vote For 1)","DAVE FOGGIN","REP",4231,76.29,0,5696,2,2,"0","0"
74,"HOUSE OF DELEGATES, 14th District (Vote For 1)","JIM MARION","DEM",1315,23.71,0,5696,2,2,"0","0"
75,"HOUSE OF DELEGATES, 15th District (Vote For 1)","RILEY KEATON","REP",3449,69.93,0,5073,2,2,"0","0"
76,"HOUSE OF DELEGATES, 15th District (Vote For 1)","CHUCK CONNER","DEM",1483,30.07,0,5073,2,2,"0","0"
77,"HOUSE OF DELEGATES, 16th District (Vote For 1)","STEVE WESTFALL","REP",4648,100.00,0,5753,1,1,"0","0"
78,"HOUSE OF DELEGATES, 17th District (Vote For 1)","JONATHAN ADAM PINSON","REP",4083,100.00,0,5042,2,2,"0","0"
79,"HOUSE OF DELEGATES, 18th District (Vote For 1)","JIM BUTLER","REP",3476,100.00,0,4582,2,2,"0","0"
80,"HOUSE OF DELEGATES, 19th District (Vote For 1)","KATHIE HESS CROUSE","REP",3082,60.27,0,5299,1,1,"0","0"
81,"HOUSE OF DELEGATES, 19th District (Vote For 1)","SETH KING","DEM",2032,39.73,0,5299,1,1,"0","0"
82,"HOUSE OF DELEGATES, 20th District (Vote For 1)","GEOFF FOSTER","REP",4147,100.00,0,5951,1,1,"0","0"
83,"HOUSE OF DELEGATES, 21st District (Vote For 1)","JARRED CANNON","REP",3502,68.11,0,5372,1,1,"0","0"
84,"HOUSE OF DELEGATES, 21st District (Vote For 1)","THERESA ""TESS"" JACKSON","DEM",1640,31.89,0,5372,1,1,"0","0"
85,"HOUSE OF DELEGATES, 22nd District (Vote For 1)","DANIEL LINVILLE","REP",3495,100.00,0,4459,1,1,"0","0"
86,"HOUSE OF DELEGATES, 23rd District (Vote For 1)","EVAN WORRELL","REP",3028,68.18,0,4591,1,1,"0","0"
87,"HOUSE OF DELEGATES, 23rd District (Vote For 1)","KAREN NANCE","DEM",1413,31.82,0,4591,1,1,"0","0"
88,"HOUSE OF DELEGATES, 24th District (Vote For 1)","PATRICK LUCAS","REP",1914,52.61,0,3736,1,1,"0","0"
89,"HOUSE OF DELEGATES, 24th District (Vote For 1)","ALLY LAYMAN","DEM",1724,47.39,0,3736,1,1,"0","0"
90,"HOUSE OF DELEGATES, 25th District (Vote For 1)","SEAN HORNBUCKLE","DEM",2652,100.00,0,3241,1,1,"0","0"
91,"HOUSE OF DELEGATES, 26th District (Vote For 1)","MATTHEW ROHRBACH","REP",2877,56.68,0,5222,1,1,"0","0"
92,"HOUSE OF DELEGATES, 26th District (Vote For 1)","SYDNEE SMIRL MCELROY","DEM",2199,43.32,0,5222,1,1,"0","0"
93,"HOUSE OF DELEGATES, 27th District (Vote For 1)","RIC GRIFFITH","DEM",2064,50.85,0,4188,2,2,"0","0"
94,"HOUSE OF DELEGATES, 27th District (Vote For 1)","JEFF MAYNARD","REP",1995,49.15,0,4188,2,2,"0","0"
95,"HOUSE OF DELEGATES, 28th District (Vote For 1)","MARK A. ROSS","REP",3943,100.00,0,4971,1,1,"0","0"
96,"HOUSE OF DELEGATES, 29th District (Vote For 1)","HENRY CORBETT DILLON","REP",2290,60.81,0,4082,2,2,"0","0"
97,"HOUSE OF DELEGATES, 29th District (Vote For 1)","DAVID THOMPSON","DEM",1476,39.19,0,4082,2,2,"0","0"
98,"HOUSE OF DELEGATES, 30th District (Vote For 1)","DAVID ""FLIMSY"" ADKINS","REP",2542,56.29,0,4699,1,1,"0","0"
99,"HOUSE OF DELEGATES, 30th District (Vote For 1)","DEIDRA ROBERTS","DEM",1974,43.71,0,4699,1,1,"0","0"
100,"HOUSE OF DELEGATES, 31st District (Vote For 1)","MARGITTA MAZZOCCHI","REP",2322,60.96,0,4056,3,3,"0","0"
101,"HOUSE OF DELEGATES, 31st District (Vote For 1)","KENNETH RAY WILSON","DEM",1110,29.14,0,4056,3,3,"0","0"
102,"HOUSE OF DELEGATES, 31st District (Vote For 1)","BRANNON D. AKERS","IND",377,9.90,0,4056,3,3,"0","0"
103,"HOUSE OF DELEGATES, 32nd District (Vote For 1)","JOSH HOLSTEIN","REP",2619,54.54,0,4902,1,1,"0","0"
104,"HOUSE OF DELEGATES, 32nd District (Vote For 1)","RODNEY A. MILLER","DEM",2183,45.46,0,4902,1,1,"0","0"
105,"HOUSE OF DELEGATES, 33rd District (Vote For 1)","JORDAN BRIDGES","REP",2540,68.39,0,3948,1,1,"0","0"
106,"HOUSE OF DELEGATES, 33rd District (Vote For 1)","GEORGE HOWES","DEM",1174,31.61,0,3948,1,1,"0","0"
107,"HOUSE OF DELEGATES, 34th District (Vote For 1)","MARK DEAN","REP",2736,66.93,0,4354,2,2,"0","0"
108,"HOUSE OF DELEGATES, 34th District (Vote For 1)","MARK COLEGROVE","DEM",1352,33.07,0,4354,2,2,"0","0"
109,"HOUSE OF DELEGATES, 35th District (Vote For 1)","ADAM VANCE","REP",2605,72.12,0,3706,1,1,"0","0"
110,"HOUSE OF DELEGATES, 35th District (Vote For 1)","DEWEY HOUCK","DEM",1007,27.88,0,3706,1,1,"0","0"
111,"HOUSE OF DELEGATES, 36th District (Vote For 1)","ANITA HALL","REP",1966,59.59,0,3443,1,1,"0","0"
112,"HOUSE OF DELEGATES, 36th District (Vote For 1)","ED EVANS","DEM",1333,40.41,0,3443,1,1,"0","0"
113,"HOUSE OF DELEGATES, 37th District (Vote For 1)","MARTY  GEARHEART","REP",2552,62.14,0,4149,1,1,"0","0"
114,"HOUSE OF DELEGATES, 37th District (Vote For 1)","SKIP CRANE","DEM",1555,37.86,0,4149,1,1,"0","0"
115,"HOUSE OF DELEGATES, 38th District (Vote For 1)","JOE C ELLINGTON, JR","REP",3204,74.15,0,4415,1,1,"0","0"
116,"HOUSE OF DELEGATES, 38th District (Vote For 1)","TINA RUSSELL","DEM",1117,25.85,0,4415,1,1,"0","0"
117,"HOUSE OF DELEGATES, 39th District (Vote For 1)","DOUG SMITH","REP",3992,100.00,0,4675,1,1,"0","0"
118,"HOUSE OF DELEGATES, 40th District (Vote For 1)","ROY G. COOPER","REP",4057,67.16,0,6261,2,2,"0","0"
119,"HOUSE OF DELEGATES, 40th District (Vote For 1)","BECKY CRABTREE","DEM",1731,28.65,0,6261,2,2,"0","0"
120,"HOUSE OF DELEGATES, 40th District (Vote For 1)","JONATHON FAIN","LBN",253,4.19,0,6261,2,2,"0","0"
121,"HOUSE OF DELEGATES, 41st District (Vote For 1)","JORDAN MAYNOR","REP",4908,100.00,0,6046,3,3,"0","0"
122,"HOUSE OF DELEGATES, 42nd District (Vote For 1)","BRANDON STEELE","REP",3956,100.00,0,4888,1,1,"0","0"
123,"HOUSE OF DELEGATES, 43rd District (Vote For 1)","CHRISTOPHER W. TONEY","REP",3548,81.88,0,4503,2,2,"0","0"
124,"HOUSE OF DELEGATES, 43rd District (Vote For 1)","JOANNA VANCE","DEM",785,18.12,0,4503,2,2,"0","0"
125,"HOUSE OF DELEGATES, 44th District (Vote For 1)","TODD A. KIRBY","REP",2452,55.10,0,4592,1,1,"0","0"
126,"HOUSE OF DELEGATES, 44th District (Vote For 1)","TONY O. MARTIN","DEM",1998,44.90,0,4592,1,1,"0","0"
127,"HOUSE OF DELEGATES, 45th District (Vote For 1)","ERIC BROOKS","REP",2516,65.10,0,3992,2,2,"0","0"
128,"HOUSE OF DELEGATES, 45th District (Vote For 1)","CHRISTIAN MARTINE","DEM",1349,34.90,0,3992,2,2,"0","0"
129,"HOUSE OF DELEGATES, 46th District (Vote For 1)","MIKE HONAKER","REP",4106,66.34,0,6376,2,2,"0","0"
130,"HOUSE OF DELEGATES, 46th District (Vote For 1)","PAUL S. DETCH","DEM",2083,33.66,0,6376,2,2,"0","0"
131,"HOUSE OF DELEGATES, 47th District (Vote For 1)","TODD LONGANACRE","REP",3704,63.82,0,6012,2,2,"0","0"
132,"HOUSE OF DELEGATES, 47th District (Vote For 1)","HEATHER HILL","DEM",2100,36.18,0,6012,2,2,"0","0"
133,"HOUSE OF DELEGATES, 48th District (Vote For 1)","CALEB L.  HANNA","REP",2886,70.75,0,4260,3,3,"0","0"
134,"HOUSE OF DELEGATES, 48th District (Vote For 1)","ERIC HENSON SEBERT","DEM",1193,29.25,0,4260,3,3,"0","0"
135,"HOUSE OF DELEGATES, 49th District (Vote For 1)","HEATHER TULLY","REP",3814,100.00,0,4759,1,1,"0","0"
136,"HOUSE OF DELEGATES, 50th District (Vote For 1)","DAVID ""ELLIOTT"" PRITT","DEM",1892,51.82,0,3889,1,1,"0","0"
137,"HOUSE OF DELEGATES, 50th District (Vote For 1)","AUSTIN HAYNES","REP",1759,48.18,0,3889,1,1,"0","0"
138,"HOUSE OF DELEGATES, 51st District (Vote For 1)","TOM FAST","REP",2900,58.65,0,5108,1,1,"0","0"
139,"HOUSE OF DELEGATES, 51st District (Vote For 1)","GABE PEÑA","DEM",2045,41.35,0,5108,1,1,"0","0"
140,"HOUSE OF DELEGATES, 52nd District (Vote For 1)","LARRY L. ROWE","DEM",2287,52.00,0,4559,2,2,"0","0"
141,"HOUSE OF DELEGATES, 52nd District (Vote For 1)","GREG HENDRICKS","REP",2111,48.00,0,4559,2,2,"0","0"
142,"HOUSE OF DELEGATES, 53rd District (Vote For 1)","CHRIS PRITT","REP",2707,61.02,0,4649,1,1,"0","0"
143,"HOUSE OF DELEGATES, 53rd District (Vote For 1)","WAYNE CROZIER","DEM",1729,38.98,0,4649,1,1,"0","0"
144,"HOUSE OF DELEGATES, 54th District (Vote For 1)","MIKE PUSHKIN","DEM",3342,73.61,0,4710,1,1,"0","0"
145,"HOUSE OF DELEGATES, 54th District (Vote For 1)","JOHN LUONI","REP",1198,26.39,0,4710,1,1,"0","0"
146,"HOUSE OF DELEGATES, 55th District (Vote For 1)","MOORE CAPITO","REP",3476,59.23,0,6117,1,1,"0","0"
147,"HOUSE OF DELEGATES, 55th District (Vote For 1)","GREG CHILDRESS","DEM",2393,40.77,0,6117,1,1,"0","0"
148,"HOUSE OF DELEGATES, 56th District (Vote For 1)","KAYLA YOUNG","DEM",2886,50.51,0,5905,1,1,"0","0"
149,"HOUSE OF DELEGATES, 56th District (Vote For 1)","ANDREW G. ANDERSON","REP",2828,49.49,0,5905,1,1,"0","0"
150,"HOUSE OF DELEGATES, 57th District (Vote For 1)","DOUG SKAFF JR","DEM",3044,61.14,0,5174,1,1,"0","0"
151,"HOUSE OF DELEGATES, 57th District (Vote For 1)","ERNEST BLEVINS","REP",1650,33.14,0,5174,1,1,"0","0"
152,"HOUSE OF DELEGATES, 57th District (Vote For 1)","E.C. ""BUD"" ANDERSON","MTN",285,5.72,0,5174,1,1,"0","0"
153,"HOUSE OF DELEGATES, 58th District (Vote For 1)","WALTER HALL","REP",2971,62.21,0,5000,1,1,"0","0"
154,"HOUSE OF DELEGATES, 58th District (Vote For 1)","DAKOTA JAMES BUCKLEY","DEM",1805,37.79,0,5000,1,1,"0","0"
155,"HOUSE OF DELEGATES, 59th District (Vote For 1)","ANDY SHAMBLIN","REP",2767,62.07,0,4603,1,1,"0","0"
156,"HOUSE OF DELEGATES, 59th District (Vote For 1)","RUSTY WILLIAMS","DEM",1691,37.93,0,4603,1,1,"0","0"
157,"HOUSE OF DELEGATES, 60th District (Vote For 1)","DANA FERRELL","REP",3154,69.02,0,4739,1,1,"0","0"
158,"HOUSE OF DELEGATES, 60th District (Vote For 1)","DAVID ""WOODY"" HOLMES","DEM",1416,30.98,0,4739,1,1,"0","0"
159,"HOUSE OF DELEGATES, 61st District (Vote For 1)","WARREN DEAN JEFFRIES","REP",3764,100.00,0,4738,1,1,"0","0"
160,"HOUSE OF DELEGATES, 62nd District (Vote For 1)","ROGER HANSHAW","REP",3973,81.55,0,5418,3,3,"0","0"
161,"HOUSE OF DELEGATES, 62nd District (Vote For 1)","LAURA MCGINNIS","ACT",899,18.45,0,5418,3,3,"0","0"
162,"HOUSE OF DELEGATES, 63rd District (Vote For 1)","LORI COWGER DITTMAN","REP",3014,71.07,0,4338,2,2,"0","0"
163,"HOUSE OF DELEGATES, 63rd District (Vote For 1)","KEVIN CARPENTER","DEM",1227,28.93,0,4338,2,2,"0","0"
164,"HOUSE OF DELEGATES, 64th District (Vote For 1)","ADAM BURKHAMMER","REP",3583,76.95,0,4813,2,2,"0","0"
165,"HOUSE OF DELEGATES, 64th District (Vote For 1)","JOHN CLISE","DEM",1073,23.05,0,4813,2,2,"0","0"
166,"HOUSE OF DELEGATES, 65th District (Vote For 1)","CARL ""ROBBIE"" MARTIN","REP",3720,100.00,0,4731,1,1,"0","0"
167,"HOUSE OF DELEGATES, 66th District (Vote For 1)","WILLIAM ""TY"" NESTOR","REP",3102,66.11,0,4852,2,2,"0","0"
168,"HOUSE OF DELEGATES, 66th District (Vote For 1)","ROBERT ""BOB"" SHEETS","DEM",1590,33.89,0,4852,2,2,"0","0"
169,"HOUSE OF DELEGATES, 67th District (Vote For 1)","ELIAS COOP-GONZALEZ","REP",3496,60.30,0,6008,2,2,"0","0"
170,"HOUSE OF DELEGATES, 67th District (Vote For 1)","CODY H THOMPSON","DEM",2302,39.70,0,6008,2,2,"0","0"
171,"HOUSE OF DELEGATES, 68th District (Vote For 1)","CHRIS PHILLIPS","REP",4178,100.00,0,5055,2,2,"0","0"
172,"HOUSE OF DELEGATES, 69th District (Vote For 1)","KEITH MARPLE","REP",3779,67.33,0,5755,2,2,"0","0"
173,"HOUSE OF DELEGATES, 69th District (Vote For 1)","RON WATSON","DEM",1834,32.67,0,5755,2,2,"0","0"
174,"HOUSE OF DELEGATES, 70th District (Vote For 1)","MICKEY PETITTO","REP",2108,53.83,0,4076,1,1,"0","0"
175,"HOUSE OF DELEGATES, 70th District (Vote For 1)","RYAN DEEMS","DEM",1808,46.17,0,4076,1,1,"0","0"
176,"HOUSE OF DELEGATES, 71st District (Vote For 1)","LAURA KIMBLE","REP",3314,58.14,0,5821,1,1,"0","0"
177,"HOUSE OF DELEGATES, 71st District (Vote For 1)","ROBERT ""ROB"" GARCIA","DEM",2386,41.86,0,5821,1,1,"0","0"
178,"HOUSE OF DELEGATES, 72nd District (Vote For 1)","CLAY RILEY","REP",3062,71.34,0,4420,2,2,"0","0"
179,"HOUSE OF DELEGATES, 72nd District (Vote For 1)","DEREK MCINTYRE","DEM",1230,28.66,0,4420,2,2,"0","0"
180,"HOUSE OF DELEGATES, 73rd District (Vote For 1)","AMY SUMMERS","REP",3347,69.35,0,2095,2,2,"0","0"
181,"HOUSE OF DELEGATES, 73rd District (Vote For 1)","MIKE MANYPENNY","DEM",1479,30.65,0,2095,2,2,"0","0"
182,"HOUSE OF DELEGATES, 74th District (Vote For 1)","MIKE DEVAULT","REP",3752,66.55,0,5757,1,1,"0","0"
183,"HOUSE OF DELEGATES, 74th District (Vote For 1)","JOHN ""JOHNBOY"" PALMER","DEM",1886,33.45,0,5757,1,1,"0","0"
184,"HOUSE OF DELEGATES, 75th District (Vote For 1)","PHIL MALLOW","REP",2923,54.52,0,5510,1,1,"0","0"
185,"HOUSE OF DELEGATES, 75th District (Vote For 1)","STEPHANIE SPEARS TOMANA","DEM",2438,45.48,0,5510,1,1,"0","0"
186,"HOUSE OF DELEGATES, 76th District (Vote For 1)","JOEY GARCIA","DEM",2485,54.58,0,4658,1,1,"0","0"
187,"HOUSE OF DELEGATES, 76th District (Vote For 1)","JON DODDS","REP",2068,45.42,0,4658,1,1,"0","0"
188,"HOUSE OF DELEGATES, 77th District (Vote For 1)","JOE STATLER","REP",3557,68.13,0,5336,2,2,"0","0"
189,"HOUSE OF DELEGATES, 77th District (Vote For 1)","BEN SWANSON","DEM",1664,31.87,0,5336,2,2,"0","0"
190,"HOUSE OF DELEGATES, 78th District (Vote For 1)","GENO CHIARELLI","REP",3056,56.62,0,5578,1,1,"0","0"
191,"HOUSE OF DELEGATES, 78th District (Vote For 1)","JEFFREY A. BUDKEY","DEM",2341,43.38,0,5578,1,1,"0","0"
192,"HOUSE OF DELEGATES, 79th District (Vote For 1)","EVAN HANSEN","DEM",2790,74.66,0,3807,1,1,"0","0"
193,"HOUSE OF DELEGATES, 79th District (Vote For 1)","ZACH LEMAIRE","REP",947,25.34,0,3807,1,1,"0","0"
194,"HOUSE OF DELEGATES, 80th District (Vote For 1)","JOHN WILLIAMS","DEM",2427,62.47,0,3973,1,1,"0","0"
195,"HOUSE OF DELEGATES, 80th District (Vote For 1)","JUSTIN WHITE","REP",1458,37.53,0,3973,1,1,"0","0"
196,"HOUSE OF DELEGATES, 81st District (Vote For 1)","DANIELLE WALKER","DEM",1633,62.90,0,2636,1,1,"0","0"
197,"HOUSE OF DELEGATES, 81st District (Vote For 1)","STEVEN HARRIS","REP",963,37.10,0,2636,1,1,"0","0"
198,"HOUSE OF DELEGATES, 82nd District (Vote For 1)","DEBBIE WARNER","REP",2822,51.26,0,5592,1,1,"0","0"
199,"HOUSE OF DELEGATES, 82nd District (Vote For 1)","KATIE FALLON","DEM",2683,48.74,0,5592,1,1,"0","0"
200,"HOUSE OF DELEGATES, 83rd District (Vote For 1)","GEORGE STREET","REP",2943,70.75,0,4241,1,1,"0","0"
201,"HOUSE OF DELEGATES, 83rd District (Vote For 1)","JR WOLFE","DEM",1217,29.25,0,4241,1,1,"0","0"
202,"HOUSE OF DELEGATES, 84th District (Vote For 1)","D. R. (BUCK) JENNINGS","REP",3531,72.02,0,5028,1,1,"0","0"
203,"HOUSE OF DELEGATES, 84th District (Vote For 1)","LISA HYRE","DEM",1372,27.98,0,5028,1,1,"0","0"
204,"HOUSE OF DELEGATES, 85th District (Vote For 1)","JOHN PAUL HOTT II","REP",5064,100.00,0,6471,2,2,"0","0"
205,"HOUSE OF DELEGATES, 86th District (Vote For 1)","BRYAN C. WARD","REP",3796,77.41,0,5115,2,2,"0","0"
206,"HOUSE OF DELEGATES, 86th District (Vote For 1)","JAMESON PAUL FREEMAN","DEM",1108,22.59,0,5115,2,2,"0","0"
207,"HOUSE OF DELEGATES, 87th District (Vote For 1)","GARY HOWELL","REP",3453,69.59,0,5055,1,1,"0","0"
208,"HOUSE OF DELEGATES, 87th District (Vote For 1)","DAVID BODEN","DEM",1509,30.41,0,5055,1,1,"0","0"
209,"HOUSE OF DELEGATES, 88th District (Vote For 1)","RICK HILLENBRAND","REP",4534,100.00,0,5136,2,2,"0","0"
210,"HOUSE OF DELEGATES, 89th District (Vote For 1)","DARREN J. THORNE","REP",3789,75.15,0,5357,2,2,"0","0"
211,"HOUSE OF DELEGATES, 89th District (Vote For 1)","ROBERT B. WOLFORD","IND",1253,24.85,0,5357,2,2,"0","0"
212,"HOUSE OF DELEGATES, 90th District (Vote For 1)","GEORGE MILLER","REP",5046,100.00,0,6005,2,2,"0","0"
213,"HOUSE OF DELEGATES, 91st District (Vote For 1)","DON FORSHT","REP",2531,60.30,0,4603,1,1,"0","0"
214,"HOUSE OF DELEGATES, 91st District (Vote For 1)","S. MARSHALL WILSON","ACT",1666,39.70,0,4603,1,1,"0","0"
215,"HOUSE OF DELEGATES, 92nd District (Vote For 1)","MICHAEL HITE","REP",4075,100.00,0,5137,1,1,"0","0"
216,"HOUSE OF DELEGATES, 93rd District (Vote For 1)","MICHAEL HORNBY","REP",2347,63.38,0,3822,1,1,"0","0"
217,"HOUSE OF DELEGATES, 93rd District (Vote For 1)","Z. LANSDOWNE","DEM",1356,36.62,0,3822,1,1,"0","0"
218,"HOUSE OF DELEGATES, 94th District (Vote For 1)","LARRY D. KUMP","REP",3123,100.00,0,3986,1,1,"0","0"
219,"HOUSE OF DELEGATES, 95th District (Vote For 1)","CHARLES ""CHUCK"" HORST, SR.","REP",2689,69.84,0,3947,1,1,"0","0"
220,"HOUSE OF DELEGATES, 95th District (Vote For 1)","DEBI CARROLL","DEM",1161,30.16,0,3947,1,1,"0","0"
221,"HOUSE OF DELEGATES, 96th District (Vote For 1)","ERIC L. HOUSEHOLDER","REP",2766,70.87,0,3979,1,1,"0","0"
222,"HOUSE OF DELEGATES, 96th District (Vote For 1)","RONALD WENGER","DEM",1137,29.13,0,3979,1,1,"0","0"
223,"HOUSE OF DELEGATES, 97th District (Vote For 1)","JOHN HARDY","REP",2973,58.09,0,5231,2,2,"0","0"
224,"HOUSE OF DELEGATES, 97th District (Vote For 1)","PHILIP WENNER","DEM",2145,41.91,0,5231,2,2,"0","0"
225,"HOUSE OF DELEGATES, 98th District (Vote For 1)","PAUL ESPINOSA","REP",3681,100.00,0,4781,1,1,"0","0"
226,"HOUSE OF DELEGATES, 99th District (Vote For 1)","WAYNE CLARK","REP",2958,56.63,0,5295,1,1,"0","0"
227,"HOUSE OF DELEGATES, 99th District (Vote For 1)","DEBRA CORNWELL","DEM",2265,43.37,0,5295,1,1,"0","0"
228,"HOUSE OF DELEGATES, 100th District (Vote For 1)","WILLIAM ""BILL"" RIDENOUR","REP",3390,54.76,0,6258,1,1,"0","0"
229,"HOUSE OF DELEGATES, 100th District (Vote For 1)","SUSAN BENZINGER","DEM",2801,45.24,0,6258,1,1,"0","0"
